SAPE: 1760 (08.04.2019);;;;;;;;;;;;;;;;;;;;;;;;;;;;;;
;;;;;;;;;;;;;;;;;;;;;;;;;;;;;;
;;Address Mapping;;;;;;;Register Name;;;Reset/;;;;;;;;;;;;;;;;;;
;;HW-Addr;;(15:12);(11:8);(7:0);SW-Addr;;;;Used;Powerup;Reset;HPS;Description;;;;;;;;;;;;;;;
Section;No;hex [4];dec;0-15;0-15;0-256;hex;dec;;Struct Name;Bits;Value;by;r/w;;;;;;;;;;;;;;;;
;;;;;;;;;1) Head configuration memory map;SFpgaMainCfg FpgaCfg.cfg;;;;;;;;;;;;;;;;;;;;
00;1;0000;0;0;0;0;00000;0; c_cfg_head_type_addr                          ;.head_type;1:0;0;;r/w;0=none, 1=Fuji, 2=Kyocera;;;;;;;;;;;;;;;
00;2;0001;1;0;0;1;00004;4; c_cfg_rst_err_cnt_addr;.err_reset;31:0;;ac;r/w;reset error register;;(auto-clear on read);;;;;;;;;;;;;
;2;;;;;;;;;ERR_ETH;0;0;;;reset ethernet error counter;;;;;;;;;;;;;;;
;2;;;;;;;;;ERR_DATA_AQUISITION;1;0;;;reset data-acq error counter;;;;;;;;;;;;;;;
;2;;;;;;;;;ERR_DDR3_ARBITER;2;0;;;reset ddr3-arbiter error counter;;;;;;;;;;;;;;;
;2;;;;;;;;;ERR_SPEED;3;0;;;reset encoder min/max speed registers;;;;;;;;;;;;;;;
;2;;;;;;;;;ERR_ENCODER;4;0;;;reset encoder registers;;;;;;;;;;;;;;;
;2;;;;;;;;;ERR_PRINT_DATA;5;0;;;reset data print ctrl counters;;;;;;;;;;;;;;;
;2;;;;;;;;;.err_reset6;6;0;;;;;;;;;;;;;;;;;;
;2;;;;;;;;;ERR_HEAD;7;0;;;reset head errors;;;;;;;;;;;;;;;
00;3;0002;2;0;0;2;00008;8;c_cfg_overheat_thr_addr;;;;;;;;;;;;;;;;;;radex;;;
00;4;0010;16;0;0;16;00040;64; c_config_fpga_addr;.cmd;31:0;;;r/w;;;;;;;;;;;;;;;;
;4;;;;;;;;;CMD_MASTER_ENABLE;0;0;;;master enable;;;;;;;;;;;;;;;
;4;;;;;;;;;CMD_DDR3_DEBUG;1;0;;;ddr3 data debug mode;;;;;;;;;;;;;;;
;4;;;;;;;;;CMD_HEAD_DATA_DEBUG;2;0;;;head data debug mode;;;;;;;;;;;;;;;
;4;;;;;;;;;.cmd3;3;0;;;;;;;;;;;;;;;;;;
;4;;;;;;;;;.cmd4;4;0;;;encoder speed-compensation disable;;;;;;;;;;;;;;;
;4;;;;;;;;;.cmd5;5;0;;;;;;;;;;;;;;;;;;
;4;;;;;;;;;.cmd6;6;0;;;;;;;;;;;;;;;;;;
;4;;;;;;;;;.cmd7;7;0;;;;;;;;;;;;;;;;;;
;4;;;;;;;;;CMD_NIOS_RESET;8;0;;;reset NIOS;;;;;;;;;;;;;;;
;4;;;;;;;;;;;;;;;;;;;;;;;;;;;;;
00;5;0020;32;0;0;32;00080;128;c_led0_ctrl;;0;0;;;led0 (0: off, 1: on);;;;;;;;;;;;;;;
00;6;0021;33;0;0;33;00084;132;c_led1_ctrl;;0;0;;;led1 (0: off, 1: on);;;;;;;;;;;;;;;
00;7;0022;34;0;0;34;00088;136;c_led2_ctrl;;0;0;;;led2 (0: off, 1: on);;;;;;;;;;;;;;;
00;8;0023;35;0;0;35;0008C;140;c_led3_ctrl;;0;0;;;led3 (0: off, 1: on);;;;;;;;;;;;;;;
00;9;0024;36;0;0;36;00090;144;c_led4_ctrl;;0;0;;;led4 (0: off, 1: on);;;;;;;;;;;;;;;
00;10;0025;37;0;0;37;00094;148;c_led5_ctrl;;0;0;;;led5 (0: off, 1: on);;;;;;;;;;;;;;;
00;11;0026;38;0;0;38;00098;152;c_led6_ctrl;;0;0;;;led6 (0: off, 1: on);;;;;;;;;;;;;;;
00;12;0027;39;0;0;39;0009C;156;c_led7_ctrl;;0;0;;;led7 (0: off, 1: on);;;;;;;;;;;;;;;
;12;;;;;;;;;;;;;;;;;;;;;;;;;;;;;
;12;;;;;;;;head0;SFpgaHeadCfg FpgaCfg.head[0];;;;;;;;;;;;;;;;;;;;
04;13;0400;1?024;0;4;0;01000;4?096; c_cfg_h0_cmd_en_addr                          ;.cmd_enable;0;0;;r/w;head enable;;;;0=disable, 1=enable;;;;;;;;;;;
04;14;0401;1?025;0;4;1;01004;4?100; c_cfg_h0_cmd_err_rst_addr                     ;.cmd_err_reset -> not used!;0;0;ac;r/w;error register reset;;(auto-clear on read);;0=idle, 1=reset error registers of data_print_ctrl;;;;;;;;;;;
04;15;0402;1?026;0;4;2;01008;4?104; c_cfg_h0_cmd_ink_ctr_rst_addr                 ;.cmd_ink_ctr_reset -> not used!;0;0;;r/w;ink counter reset;;;;0=idle, 1=reset ink counter;;;;;;;;;;;
04;16;0403;1?027;0;4;3;0100C;4?108; c_cfg_h0_cmd_led_addr;.cmd_led;0;0;;r/w;0=led off, 1=led on;;;;(0..1);;;;;;;;;;;
04;17;0404;1?028;0;4;4;01010;4?112; c_cfg_h0_disa_jet_left;;12;0x000;;r/w;left bound of valid pixel mask for image-line;;;;0?2175;(must be smaller than right bound);;;;;;;;;;
04;18;0405;1?029;0;4;5;01014;4?116; c_cfg_h0_disa_jet_right;;12;0x000;;r/w;right bound of valid pixel mask for image-line;;;;0?2175;(must be bigger than left bound);;;;;;;;;;
;18;;;;;;;;;;;;;;;;;;;;;;;;;;;;;
04;19;0410;1?040;0;4;16;01040;4?160; c_cfg_h0_fp_no_per_seq_addr                   ;.fp_subPulses;3:0;0x0;;r/w;firepulse number;;;;(0..15);;;;;;;;;;;
04;20;0411;1?041;0;4;17;01044;4?164; c_cfg_h0_time_fp_seq_length_addr              ;.fp_length;11:0;0x000;;r/w;waveform length;;;;(0..4095);;;;;;;;;;;
04;21;0412;1?042;0;4;18;01048;4?168; c_cfg_h0_time_allon_on_addr                   ;.fp_allOn;11:0;0x000;;r/w;allOn on time;;;;(0..4095);;;;;;;;;;;
04;22;0413;1?043;0;4;19;0104C;4?172; c_cfg_h0_time_fp0_on_addr                     ;.fp[0].on;11:0;0x000;;r/w;firepulse0 on time;;;;(0..4095);;;;;;;;;;;
04;23;0414;1?044;0;4;20;01050;4?176; c_cfg_h0_time_fp0_off_addr                    ;.fp[0].off;11:0;0x000;;r/w;firepulse0 off time;;;;(0..4095);;;;;;;;;;;
04;24;0415;1?045;0;4;21;01054;4?180; c_cfg_h0_time_fp1_on_addr                     ;.fp[1].on;11:0;0x000;;r/w;firepulse1 on time;;;;(0..4095);;;;;;;;;;;
04;25;0416;1?046;0;4;22;01058;4?184; c_cfg_h0_time_fp1_off_addr                    ;.fp[1].off;11:0;0x000;;r/w;firepulse1 off time;;;;(0..4095);;;;;;;;;;;
04;26;0417;1?047;0;4;23;0105C;4?188; c_cfg_h0_time_fp2_on_addr                     ;.fp[2].on;11:0;0x000;;r/w;firepulse2 on time;;;;(0..4095);;;;;;;;;;;
04;27;0418;1?048;0;4;24;01060;4?192; c_cfg_h0_time_fp2_off_addr                    ;.fp[2].off;11:0;0x000;;r/w;firepulse2 off time;;;;(0..4095);;;;;;;;;;;
04;28;0419;1?049;0;4;25;01064;4?196; c_cfg_h0_time_fp3_on_addr                     ;.fp[3].on;11:0;0x000;;r/w;firepulse3 on time;;;;(0..4095);;;;;;;;;;;
04;29;041A;1?050;0;4;26;01068;4?200; c_cfg_h0_time_fp3_off_addr                    ;.fp[3].off;11:0;0x000;;r/w;firepulse3 off time;;;;(0..4095);;;;;;;;;;;
04;30;041B;1?051;0;4;27;0106C;4?204; c_cfg_h0_time_fp4_on_addr                     ;.fp[4].on;11:0;0x000;;r/w;firepulse4 on time;;not used;;(0..4095);;;;;;;;;;;
04;31;041C;1?052;0;4;28;01070;4?208; c_cfg_h0_time_fp4_off_addr                    ;.fp[4].off;11:0;0x000;;r/w;firepulse4 off time;;not used;;(0..4095);;;;;;;;;;;
04;32;041D;1?053;0;4;29;01074;4?212; c_cfg_h0_time_fp5_on_addr                     ;.fp[5].on;11:0;0x000;;r/w;firepulse5 on time;;not used;;(0..4095);;;;;;;;;;;
04;33;041E;1?054;0;4;30;01078;4?216; c_cfg_h0_time_fp5_off_addr                    ;.fp[5].off;11:0;0x000;;r/w;firepulse5 off time;;not used;;(0..4095);;;;;;;;;;;
04;34;041F;1?055;0;4;31;0107C;4?220; c_cfg_h0_time_fp6_on_addr                     ;.fp[6].on;11:0;0x000;;r/w;firepulse6 on time;;not used;;(0..4095);;;;;;;;;;;
04;35;0420;1?056;0;4;32;01080;4?224; c_cfg_h0_time_fp6_off_addr                    ;.fp[6].off;11:0;0x000;;r/w;firepulse6 off time;;not used;;(0..4095);;;;;;;;;;;
04;36;0421;1?057;0;4;33;01084;4?228; c_cfg_h0_time_fp7_on_addr                     ;.fp[7].on;11:0;0x000;;r/w;firepulse7 on time;;not used;;(0..4095);;;;;;;;;;;
04;37;0422;1?058;0;4;34;01088;4?232; c_cfg_h0_time_fp7_off_addr                    ;.fp[7].off;11:0;0x000;;r/w;firepulse7 off time;;not used;;(0..4095);;;;;;;;;;;
;37;;;;;;;;;;;;;;;;;;;;;;;;;;;;;
04;38;0430;1?072;0;4;48;010C0;4?288; c_cfg_h0_gl_to_subpls0_addr                   ;.gl_2_pulse[0];7:0;0x00;;r/w;firepulse number @pix-info 0;;;;;;;;;;;;;;;
04;39;0431;1?073;0;4;49;010C4;4?292; c_cfg_h0_gl_to_subpls1_addr                   ;.gl_2_pulse[1];7:0;0x00;;r/w;firepulse number @pix-info 1;;;;;;;;;;;;;;;
04;40;0432;1?074;0;4;50;010C8;4?296; c_cfg_h0_gl_to_subpls2_addr                   ;.gl_2_pulse[2];7:0;0x00;;r/w;firepulse number @pix-info 2;;;;;;;;;;;;;;;
04;41;0433;1?075;0;4;51;010CC;4?300; c_cfg_h0_gl_to_subpls3_addr                   ;.gl_2_pulse[3];7:0;0x00;;r/w;firepulse number @pix-info 3;;;;;;;;;;;;;;;
04;42;0434;1?076;0;4;52;010D0;4?304; c_cfg_h0_gl_to_subpls4_addr                   ;.gl_2_pulse[4];7:0;0x00;;r/w;firepulse number @pix-info 4;;not used;;;;;;;;;;;;;
04;43;0435;1?077;0;4;53;010D4;4?308; c_cfg_h0_gl_to_subpls5_addr                   ;.gl_2_pulse[5];7:0;0x00;;r/w;firepulse number @pix-info 5;;not used;;;;;;;;;;;;;
04;44;0436;1?078;0;4;54;010D8;4?312; c_cfg_h0_gl_to_subpls6_addr                   ;.gl_2_pulse[6];7:0;0x00;;r/w;firepulse number @pix-info 6;;not used;;;;;;;;;;;;;
04;45;0437;1?079;0;4;55;010DC;4?316; c_cfg_h0_gl_to_subpls7_addr                   ;.gl_2_pulse[7];7:0;0x00;;r/w;firepulse number @pix-info 7;;not used;;;;;;;;;;;;;
04;46;0438;1?080;0;4;56;010E0;4?320; c_cfg_h0_encoder_no_addr                      ;.encoderNo;2:0;0;;r/w;encoder number;;;;(0..7);;;;;;;;;;;
;46;;;;;;;;;;;;;;;;;;;;;;;;;;;;;
04;47;043A;1?082;0;4;58;010E8;4?328; c_cfg_h0_fp_offset_fss_addr                   ;.offset_substroke;3:0;0x0;;r/w;offset fire-sub-stroke;;;;(0..15);;;;;;;;;;;
04;48;043B;1?083;0;4;59;010EC;4?332; c_cfg_h0_fp_offset_fs_addr                    ;.offset_stroke;15:0;0x0000;;r/w;offset fire-stroke;;;;(1..65'534);;;;;;;;;;;
;48;;;;;;;;;;;;;;;;;;;;;;;;;;;;;
04;49;0440;1?088;0;4;64;01100;4?352; c_cfg_h0_speedcmp_max_comp_fs_addr            ;.speedComp_MaxFs;7:0;0x00;;r/w;max fire-stroke compensation;;;;(0..255 fs);;0 = disabled;;;;;;;;;
04;50;0441;1?089;0;4;65;01104;4?356; c_cfg_h0_speedcmp_max_speed_addr              ;.speedComp_MaxSpeed;7:0;0x00;;r/w;max speed;;;;(0..255 => 0..4m/s);;0 = disabled;;;;;;;;;
;50;;;;;;;;;;;;;;;;;;;;;;;;;;;;;
;50;;;;;;;;head1;;;;;;;;;;;;;;;;;;;;;
08;51;0800;2?048;0;8;0;02000;8?192; c_cfg_h1_cmd_en_addr                          ;;0;0;;r/w;head enable;;;;0=disable, 1=enable;;;;;;;;;;;
08;52;0801;2?049;0;8;1;02004;8?196; c_cfg_h1_cmd_err_rst_addr                     ;;0;0;ac;r/w;error register reset;;(auto-clear on read);;0=idle, 1=reset error registers of data_print_ctrl;;;;;;;;;;;
08;53;0802;2?050;0;8;2;02008;8?200; c_cfg_h1_cmd_ink_ctr_rst_addr                 ;;0;0;;r/w;ink counter reset;;;;0=idle, 1=reset ink counter;;;;;;;;;;;
08;54;0803;2?051;0;8;3;0200C;8?204; c_cfg_h1_cmd_led_addr;;0;0;;r/w;0=led off, 1=led on;;;;(0..1);;;;;;;;;;;
08;55;0804;2?052;0;8;4;02010;8?208; c_cfg_h1_disa_jet_left;;12;0x000;;r/w;left bound of valid pixel mask for image-line;;;;0?2175;(must be smaller than right bound);;;;;;;;;;
08;56;0805;2?053;0;8;5;02014;8?212; c_cfg_h1_disa_jet_right;;12;0x000;;r/w;right bound of valid pixel mask for image-line;;;;0?2175;(must be bigger than left bound);;;;;;;;;;
;56;;;;;;;;;;;;;;;;;;;;;;;;;;;;;
08;57;0810;2?064;0;8;16;02040;8?256; c_cfg_h1_fp_no_per_seq_addr                   ;;3:0;0x0;;r/w;firepulse number;;;;(0..15);;;;;;;;;;;
08;58;0811;2?065;0;8;17;02044;8?260; c_cfg_h1_time_fp_seq_length_addr              ;;11:0;0x000;;r/w;waveform length;;;;(0..4095);;;;;;;;;;;
08;59;0812;2?066;0;8;18;02048;8?264; c_cfg_h1_time_allon_on_addr                   ;;11:0;0x000;;r/w;allOn on time;;;;(0..4095);;;;;;;;;;;
08;60;0813;2?067;0;8;19;0204C;8?268; c_cfg_h1_time_fp0_on_addr                     ;;11:0;0x000;;r/w;firepulse0 on time;;;;(0..4095);;;;;;;;;;;
08;61;0814;2?068;0;8;20;02050;8?272; c_cfg_h1_time_fp0_off_addr                    ;;11:0;0x000;;r/w;firepulse0 off time;;;;(0..4095);;;;;;;;;;;
08;62;0815;2?069;0;8;21;02054;8?276; c_cfg_h1_time_fp1_on_addr                     ;;11:0;0x000;;r/w;firepulse1 on time;;;;(0..4095);;;;;;;;;;;
08;63;0816;2?070;0;8;22;02058;8?280; c_cfg_h1_time_fp1_off_addr                    ;;11:0;0x000;;r/w;firepulse1 off time;;;;(0..4095);;;;;;;;;;;
08;64;0817;2?071;0;8;23;0205C;8?284; c_cfg_h1_time_fp2_on_addr                     ;;11:0;0x000;;r/w;firepulse2 on time;;;;(0..4095);;;;;;;;;;;
08;65;0818;2?072;0;8;24;02060;8?288; c_cfg_h1_time_fp2_off_addr                    ;;11:0;0x000;;r/w;firepulse2 off time;;;;(0..4095);;;;;;;;;;;
08;66;0819;2?073;0;8;25;02064;8?292; c_cfg_h1_time_fp3_on_addr                     ;;11:0;0x000;;r/w;firepulse3 on time;;;;(0..4095);;;;;;;;;;;
08;67;081A;2?074;0;8;26;02068;8?296; c_cfg_h1_time_fp3_off_addr                    ;;11:0;0x000;;r/w;firepulse3 off time;;;;(0..4095);;;;;;;;;;;
08;68;081B;2?075;0;8;27;0206C;8?300; c_cfg_h1_time_fp4_on_addr                     ;;11:0;0x000;;r/w;firepulse4 on time;;not used;;(0..4095);;;;;;;;;;;
08;69;081C;2?076;0;8;28;02070;8?304; c_cfg_h1_time_fp4_off_addr                    ;;11:0;0x000;;r/w;firepulse4 off time;;not used;;(0..4095);;;;;;;;;;;
08;70;081D;2?077;0;8;29;02074;8?308; c_cfg_h1_time_fp5_on_addr                     ;;11:0;0x000;;r/w;firepulse5 on time;;not used;;(0..4095);;;;;;;;;;;
08;71;081E;2?078;0;8;30;02078;8?312; c_cfg_h1_time_fp5_off_addr                    ;;11:0;0x000;;r/w;firepulse5 off time;;not used;;(0..4095);;;;;;;;;;;
08;72;081F;2?079;0;8;31;0207C;8?316; c_cfg_h1_time_fp6_on_addr                     ;;11:0;0x000;;r/w;firepulse6 on time;;not used;;(0..4095);;;;;;;;;;;
08;73;0820;2?080;0;8;32;02080;8?320; c_cfg_h1_time_fp6_off_addr                    ;;11:0;0x000;;r/w;firepulse6 off time;;not used;;(0..4095);;;;;;;;;;;
08;74;0821;2?081;0;8;33;02084;8?324; c_cfg_h1_time_fp7_on_addr                     ;;11:0;0x000;;r/w;firepulse7 on time;;not used;;(0..4095);;;;;;;;;;;
08;75;0822;2?082;0;8;34;02088;8?328; c_cfg_h1_time_fp7_off_addr                    ;;11:0;0x000;;r/w;firepulse7 off time;;not used;;(0..4095);;;;;;;;;;;
;75;;;;;;;;;;;;;;;;;;;;;;;;;;;;;
08;76;0830;2?096;0;8;48;020C0;8?384; c_cfg_h1_gl_to_subpls0_addr                   ;;7:0;0x00;;r/w;firepulse number @pix-info 0;;;;;;;;;;;;;;;
08;77;0831;2?097;0;8;49;020C4;8?388; c_cfg_h1_gl_to_subpls1_addr                   ;;7:0;0x00;;r/w;firepulse number @pix-info 1;;;;;;;;;;;;;;;
08;78;0832;2?098;0;8;50;020C8;8?392; c_cfg_h1_gl_to_subpls2_addr                   ;;7:0;0x00;;r/w;firepulse number @pix-info 2;;;;;;;;;;;;;;;
08;79;0833;2?099;0;8;51;020CC;8?396; c_cfg_h1_gl_to_subpls3_addr                   ;;7:0;0x00;;r/w;firepulse number @pix-info 3;;;;;;;;;;;;;;;
08;80;0834;2?100;0;8;52;020D0;8?400; c_cfg_h1_gl_to_subpls4_addr                   ;;7:0;0x00;;r/w;firepulse number @pix-info 4;;not used;;;;;;;;;;;;;
08;81;0835;2?101;0;8;53;020D4;8?404; c_cfg_h1_gl_to_subpls5_addr                   ;;7:0;0x00;;r/w;firepulse number @pix-info 5;;not used;;;;;;;;;;;;;
08;82;0836;2?102;0;8;54;020D8;8?408; c_cfg_h1_gl_to_subpls6_addr                   ;;7:0;0x00;;r/w;firepulse number @pix-info 6;;not used;;;;;;;;;;;;;
08;83;0837;2?103;0;8;55;020DC;8?412; c_cfg_h1_gl_to_subpls7_addr                   ;;7:0;0x00;;r/w;firepulse number @pix-info 7;;not used;;;;;;;;;;;;;
08;84;0838;2?104;0;8;56;020E0;8?416; c_cfg_h1_encoder_no_addr                      ;;2:0;0;;r/w;encoder number;;;;(0..7);;;;;;;;;;;
;84;;;;;;;;;;;;;;;;;;;;;;;;;;;;;
08;85;083A;2?106;0;8;58;020E8;8?424; c_cfg_h1_fp_offset_fss_addr                   ;;3:0;0x0;;r/w;offset fire-sub-stroke;;;;(0..15);;;;;;;;;;;
08;86;083B;2?107;0;8;59;020EC;8?428; c_cfg_h1_fp_offset_fs_addr                    ;;15:0;0x0000;;r/w;offset fire-stroke;;;;(1..65'534);;;;;;;;;;;
;86;;;;;;;;;;;;;;;;;;;;;;;;;;;;;
08;87;0840;2?112;0;8;64;02100;8?448; c_cfg_h1_speedcmp_max_comp_fs_addr            ;;7:0;0x00;;r/w;max fire-stroke compensation;;;;(0..255 fs);;0 = disabled;;;;;;;;;
08;88;0841;2?113;0;8;65;02104;8?452; c_cfg_h1_speedcmp_max_speed_addr              ;;7:0;0x00;;r/w;max speed;;;;(0..255 => 0..4m/s);;0 = disabled;;;;;;;;;
;88;;;;;;;;;;;;;;;;;;;;;;;;;;;;;
;88;;;;;;;;head2;;;;;;;;;;;;;;;;;;;;;
0C;89;0C00;3?072;0;12;0;03000;12?288; c_cfg_h2_cmd_en_addr                          ;;0;0;;r/w;head enable;;;;0=disable, 1=enable;;;;;;;;;;;
0C;90;0C01;3?073;0;12;1;03004;12?292; c_cfg_h2_cmd_err_rst_addr                     ;;0;0;ac;r/w;error register reset;;(auto-clear on read);;0=idle, 1=reset error registers of data_print_ctrl;;;;;;;;;;;
0C;91;0C02;3?074;0;12;2;03008;12?296; c_cfg_h2_cmd_ink_ctr_rst_addr                 ;;0;0;;r/w;ink counter reset;;;;0=idle, 1=reset ink counter;;;;;;;;;;;
0C;92;0C03;3?075;0;12;3;0300C;12?300; c_cfg_h2_cmd_led_addr;;0;0;;r/w;0=led off, 1=led on;;;;(0..1);;;;;;;;;;;
0C;93;0C04;3?076;0;12;4;03010;12?304; c_cfg_h2_disa_jet_left;;12;0x000;;r/w;left bound of valid pixel mask for image-line;;;;0?2175;(must be smaller than right bound);;;;;;;;;;
0C;94;0C05;3?077;0;12;5;03014;12?308; c_cfg_h2_disa_jet_right;;12;0x000;;r/w;right bound of valid pixel mask for image-line;;;;0?2175;(must be bigger than left bound);;;;;;;;;;
;94;;;;;;;;;;;;;;;;;;;;;;;;;;;;;
0C;95;0C10;3?088;0;12;16;03040;12?352; c_cfg_h2_fp_no_per_seq_addr                   ;;3:0;0x0;;r/w;firepulse number;;;;(0..15);;;;;;;;;;;
0C;96;0C11;3?089;0;12;17;03044;12?356; c_cfg_h2_time_fp_seq_length_addr              ;;11:0;0x000;;r/w;waveform length;;;;(0..4095);;;;;;;;;;;
0C;97;0C12;3?090;0;12;18;03048;12?360; c_cfg_h2_time_allon_on_addr                   ;;11:0;0x000;;r/w;allOn on time;;;;(0..4095);;;;;;;;;;;
0C;98;0C13;3?091;0;12;19;0304C;12?364; c_cfg_h2_time_fp0_on_addr                     ;;11:0;0x000;;r/w;firepulse0 on time;;;;(0..4095);;;;;;;;;;;
0C;99;0C14;3?092;0;12;20;03050;12?368; c_cfg_h2_time_fp0_off_addr                    ;;11:0;0x000;;r/w;firepulse0 off time;;;;(0..4095);;;;;;;;;;;
0C;100;0C15;3?093;0;12;21;03054;12?372; c_cfg_h2_time_fp1_on_addr                     ;;11:0;0x000;;r/w;firepulse1 on time;;;;(0..4095);;;;;;;;;;;
0C;101;0C16;3?094;0;12;22;03058;12?376; c_cfg_h2_time_fp1_off_addr                    ;;11:0;0x000;;r/w;firepulse1 off time;;;;(0..4095);;;;;;;;;;;
0C;102;0C17;3?095;0;12;23;0305C;12?380; c_cfg_h2_time_fp2_on_addr                     ;;11:0;0x000;;r/w;firepulse2 on time;;;;(0..4095);;;;;;;;;;;
0C;103;0C18;3?096;0;12;24;03060;12?384; c_cfg_h2_time_fp2_off_addr                    ;;11:0;0x000;;r/w;firepulse2 off time;;;;(0..4095);;;;;;;;;;;
0C;104;0C19;3?097;0;12;25;03064;12?388; c_cfg_h2_time_fp3_on_addr                     ;;11:0;0x000;;r/w;firepulse3 on time;;;;(0..4095);;;;;;;;;;;
0C;105;0C1A;3?098;0;12;26;03068;12?392; c_cfg_h2_time_fp3_off_addr                    ;;11:0;0x000;;r/w;firepulse3 off time;;;;(0..4095);;;;;;;;;;;
0C;106;0C1B;3?099;0;12;27;0306C;12?396; c_cfg_h2_time_fp4_on_addr                     ;;11:0;0x000;;r/w;firepulse4 on time;;not used;;(0..4095);;;;;;;;;;;
0C;107;0C1C;3?100;0;12;28;03070;12?400; c_cfg_h2_time_fp4_off_addr                    ;;11:0;0x000;;r/w;firepulse4 off time;;not used;;(0..4095);;;;;;;;;;;
0C;108;0C1D;3?101;0;12;29;03074;12?404; c_cfg_h2_time_fp5_on_addr                     ;;11:0;0x000;;r/w;firepulse5 on time;;not used;;(0..4095);;;;;;;;;;;
0C;109;0C1E;3?102;0;12;30;03078;12?408; c_cfg_h2_time_fp5_off_addr                    ;;11:0;0x000;;r/w;firepulse5 off time;;not used;;(0..4095);;;;;;;;;;;
0C;110;0C1F;3?103;0;12;31;0307C;12?412; c_cfg_h2_time_fp6_on_addr                     ;;11:0;0x000;;r/w;firepulse6 on time;;not used;;(0..4095);;;;;;;;;;;
0C;111;0C20;3?104;0;12;32;03080;12?416; c_cfg_h2_time_fp6_off_addr                    ;;11:0;0x000;;r/w;firepulse6 off time;;not used;;(0..4095);;;;;;;;;;;
0C;112;0C21;3?105;0;12;33;03084;12?420; c_cfg_h2_time_fp7_on_addr                     ;;11:0;0x000;;r/w;firepulse7 on time;;not used;;(0..4095);;;;;;;;;;;
0C;113;0C22;3?106;0;12;34;03088;12?424; c_cfg_h2_time_fp7_off_addr                    ;;11:0;0x000;;r/w;firepulse7 off time;;not used;;(0..4095);;;;;;;;;;;
;113;;;;;;;;;;;;;;;;;;;;;;;;;;;;;
0C;114;0C30;3?120;0;12;48;030C0;12?480; c_cfg_h2_gl_to_subpls0_addr                   ;;7:0;0x00;;r/w;firepulse number @pix-info 0;;;;;;;;;;;;;;;
0C;115;0C31;3?121;0;12;49;030C4;12?484; c_cfg_h2_gl_to_subpls1_addr                   ;;7:0;0x00;;r/w;firepulse number @pix-info 1;;;;;;;;;;;;;;;
0C;116;0C32;3?122;0;12;50;030C8;12?488; c_cfg_h2_gl_to_subpls2_addr                   ;;7:0;0x00;;r/w;firepulse number @pix-info 2;;;;;;;;;;;;;;;
0C;117;0C33;3?123;0;12;51;030CC;12?492; c_cfg_h2_gl_to_subpls3_addr                   ;;7:0;0x00;;r/w;firepulse number @pix-info 3;;;;;;;;;;;;;;;
0C;118;0C34;3?124;0;12;52;030D0;12?496; c_cfg_h2_gl_to_subpls4_addr                   ;;7:0;0x00;;r/w;firepulse number @pix-info 4;;not used;;;;;;;;;;;;;
0C;119;0C35;3?125;0;12;53;030D4;12?500; c_cfg_h2_gl_to_subpls5_addr                   ;;7:0;0x00;;r/w;firepulse number @pix-info 5;;not used;;;;;;;;;;;;;
0C;120;0C36;3?126;0;12;54;030D8;12?504; c_cfg_h2_gl_to_subpls6_addr                   ;;7:0;0x00;;r/w;firepulse number @pix-info 6;;not used;;;;;;;;;;;;;
0C;121;0C37;3?127;0;12;55;030DC;12?508; c_cfg_h2_gl_to_subpls7_addr                   ;;7:0;0x00;;r/w;firepulse number @pix-info 7;;not used;;;;;;;;;;;;;
0C;122;0C38;3?128;0;12;56;030E0;12?512; c_cfg_h2_encoder_no_addr                      ;;2:0;0;;r/w;encoder number;;;;(0..7);;;;;;;;;;;
;122;;;;;;;;;;;;;;;;;;;;;;;;;;;;;
0C;123;0C3A;3?130;0;12;58;030E8;12?520; c_cfg_h2_fp_offset_fss_addr                   ;;3:0;0x0;;r/w;offset fire-sub-stroke;;;;(0..15);;;;;;;;;;;
0C;124;0C3B;3?131;0;12;59;030EC;12?524; c_cfg_h2_fp_offset_fs_addr                    ;;15:0;0x0000;;r/w;offset fire-stroke;;;;(1..65'534);;;;;;;;;;;
;124;;;;;;;;;;;;;;;;;;;;;;;;;;;;;
0C;125;0C40;3?136;0;12;64;03100;12?544; c_cfg_h2_speedcmp_max_comp_fs_addr            ;;7:0;0x00;;r/w;max fire-stroke compensation;;;;(0..255 fs);;0 = disabled;;;;;;;;;
0C;126;0C41;3?137;0;12;65;03104;12?548; c_cfg_h2_speedcmp_max_speed_addr              ;;7:0;0x00;;r/w;max speed;;;;(0..255 => 0..4m/s);;0 = disabled;;;;;;;;;
;126;;;;;;;;;;;;;;;;;;;;;;;;;;;;;
;126;;;;;;;;head3;;;;;;;;;;;;;;;;;;;;;
10;127;1000;4?096;1;0;0;04000;16?384; c_cfg_h3_cmd_en_addr                          ;;0;0;;r/w;head enable;;;;0=disable, 1=enable;;;;;;;;;;;
10;128;1001;4?097;1;0;1;04004;16?388; c_cfg_h3_cmd_err_rst_addr                     ;;0;0;ac;r/w;error register reset;;(auto-clear on read);;0=idle, 1=reset error registers of data_print_ctrl;;;;;;;;;;;
10;129;1002;4?098;1;0;2;04008;16?392; c_cfg_h3_cmd_ink_ctr_rst_addr                 ;;0;0;;r/w;ink counter reset;;;;0=idle, 1=reset ink counter;;;;;;;;;;;
10;130;1003;4?099;1;0;3;0400C;16?396; c_cfg_h3_cmd_led_addr;;0;0;;r/w;0=led off, 1=led on;;;;(0..1);;;;;;;;;;;
10;131;1004;4?100;1;0;4;04010;16?400; c_cfg_h3_disa_jet_left;;12;0x000;;r/w;left bound of valid pixel mask for image-line;;;;0?2175;(must be smaller than right bound);;;;;;;;;;
10;132;1005;4?101;1;0;5;04014;16?404; c_cfg_h3_disa_jet_right;;12;0x000;;r/w;right bound of valid pixel mask for image-line;;;;0?2175;(must be bigger than left bound);;;;;;;;;;
;132;;;;;;;;;;;;;;;;;;;;;;;;;;;;;
10;133;1010;4?112;1;0;16;04040;16?448; c_cfg_h3_fp_no_per_seq_addr                   ;;3:0;0x0;;r/w;firepulse number;;;;(0..15);;;;;;;;;;;
10;134;1011;4?113;1;0;17;04044;16?452; c_cfg_h3_time_fp_seq_length_addr              ;;11:0;0x000;;r/w;waveform length;;;;(0..4095);;;;;;;;;;;
10;135;1012;4?114;1;0;18;04048;16?456; c_cfg_h3_time_allon_on_addr                   ;;11:0;0x000;;r/w;allOn on time;;;;(0..4095);;;;;;;;;;;
10;136;1013;4?115;1;0;19;0404C;16?460; c_cfg_h3_time_fp0_on_addr                     ;;11:0;0x000;;r/w;firepulse0 on time;;;;(0..4095);;;;;;;;;;;
10;137;1014;4?116;1;0;20;04050;16?464; c_cfg_h3_time_fp0_off_addr                    ;;11:0;0x000;;r/w;firepulse0 off time;;;;(0..4095);;;;;;;;;;;
10;138;1015;4?117;1;0;21;04054;16?468; c_cfg_h3_time_fp1_on_addr                     ;;11:0;0x000;;r/w;firepulse1 on time;;;;(0..4095);;;;;;;;;;;
10;139;1016;4?118;1;0;22;04058;16?472; c_cfg_h3_time_fp1_off_addr                    ;;11:0;0x000;;r/w;firepulse1 off time;;;;(0..4095);;;;;;;;;;;
10;140;1017;4?119;1;0;23;0405C;16?476; c_cfg_h3_time_fp2_on_addr                     ;;11:0;0x000;;r/w;firepulse2 on time;;;;(0..4095);;;;;;;;;;;
10;141;1018;4?120;1;0;24;04060;16?480; c_cfg_h3_time_fp2_off_addr                    ;;11:0;0x000;;r/w;firepulse2 off time;;;;(0..4095);;;;;;;;;;;
10;142;1019;4?121;1;0;25;04064;16?484; c_cfg_h3_time_fp3_on_addr                     ;;11:0;0x000;;r/w;firepulse3 on time;;;;(0..4095);;;;;;;;;;;
10;143;101A;4?122;1;0;26;04068;16?488; c_cfg_h3_time_fp3_off_addr                    ;;11:0;0x000;;r/w;firepulse3 off time;;;;(0..4095);;;;;;;;;;;
10;144;101B;4?123;1;0;27;0406C;16?492; c_cfg_h3_time_fp4_on_addr                     ;;11:0;0x000;;r/w;firepulse4 on time;;not used;;(0..4095);;;;;;;;;;;
10;145;101C;4?124;1;0;28;04070;16?496; c_cfg_h3_time_fp4_off_addr                    ;;11:0;0x000;;r/w;firepulse4 off time;;not used;;(0..4095);;;;;;;;;;;
10;146;101D;4?125;1;0;29;04074;16?500; c_cfg_h3_time_fp5_on_addr                     ;;11:0;0x000;;r/w;firepulse5 on time;;not used;;(0..4095);;;;;;;;;;;
10;147;101E;4?126;1;0;30;04078;16?504; c_cfg_h3_time_fp5_off_addr                    ;;11:0;0x000;;r/w;firepulse5 off time;;not used;;(0..4095);;;;;;;;;;;
10;148;101F;4?127;1;0;31;0407C;16?508; c_cfg_h3_time_fp6_on_addr                     ;;11:0;0x000;;r/w;firepulse6 on time;;not used;;(0..4095);;;;;;;;;;;
10;149;1020;4?128;1;0;32;04080;16?512; c_cfg_h3_time_fp6_off_addr                    ;;11:0;0x000;;r/w;firepulse6 off time;;not used;;(0..4095);;;;;;;;;;;
10;150;1021;4?129;1;0;33;04084;16?516; c_cfg_h3_time_fp7_on_addr                     ;;11:0;0x000;;r/w;firepulse7 on time;;not used;;(0..4095);;;;;;;;;;;
10;151;1022;4?130;1;0;34;04088;16?520; c_cfg_h3_time_fp7_off_addr                    ;;11:0;0x000;;r/w;firepulse7 off time;;not used;;(0..4095);;;;;;;;;;;
;151;;;;;;;;;;;;;;;;;;;;;;;;;;;;;
10;152;1030;4?144;1;0;48;040C0;16?576; c_cfg_h3_gl_to_subpls0_addr                   ;;7:0;0x00;;r/w;firepulse number @pix-info 0;;;;;;;;;;;;;;;
10;153;1031;4?145;1;0;49;040C4;16?580; c_cfg_h3_gl_to_subpls1_addr                   ;;7:0;0x00;;r/w;firepulse number @pix-info 1;;;;;;;;;;;;;;;
10;154;1032;4?146;1;0;50;040C8;16?584; c_cfg_h3_gl_to_subpls2_addr                   ;;7:0;0x00;;r/w;firepulse number @pix-info 2;;;;;;;;;;;;;;;
10;155;1033;4?147;1;0;51;040CC;16?588; c_cfg_h3_gl_to_subpls3_addr                   ;;7:0;0x00;;r/w;firepulse number @pix-info 3;;;;;;;;;;;;;;;
10;156;1034;4?148;1;0;52;040D0;16?592; c_cfg_h3_gl_to_subpls4_addr                   ;;7:0;0x00;;r/w;firepulse number @pix-info 4;;not used;;;;;;;;;;;;;
10;157;1035;4?149;1;0;53;040D4;16?596; c_cfg_h3_gl_to_subpls5_addr                   ;;7:0;0x00;;r/w;firepulse number @pix-info 5;;not used;;;;;;;;;;;;;
10;158;1036;4?150;1;0;54;040D8;16?600; c_cfg_h3_gl_to_subpls6_addr                   ;;7:0;0x00;;r/w;firepulse number @pix-info 6;;not used;;;;;;;;;;;;;
10;159;1037;4?151;1;0;55;040DC;16?604; c_cfg_h3_gl_to_subpls7_addr                   ;;7:0;0x00;;r/w;firepulse number @pix-info 7;;not used;;;;;;;;;;;;;
10;160;1038;4?152;1;0;56;040E0;16?608; c_cfg_h3_encoder_no_addr                      ;;2:0;0;;r/w;encoder number;;;;(0..7);;;;;;;;;;;
;160;;;;;;;;;;;;;;;;;;;;;;;;;;;;;
10;161;103A;4?154;1;0;58;040E8;16?616; c_cfg_h3_fp_offset_fss_addr                   ;;3:0;0x0;;r/w;offset fire-sub-stroke;;;;(0..15);;;;;;;;;;;
10;162;103B;4?155;1;0;59;040EC;16?620; c_cfg_h3_fp_offset_fs_addr                    ;;15:0;0x0000;;r/w;offset fire-stroke;;;;(1..65'534);;;;;;;;;;;
;162;;;;;;;;;;;;;;;;;;;;;;;;;;;;;
10;163;1040;4?160;1;0;64;04100;16?640; c_cfg_h3_speedcmp_max_comp_fs_addr            ;;7:0;0x00;;r/w;max fire-stroke compensation;;;;(0..255 fs);;0 = disabled;;;;;;;;;
10;164;1041;4?161;1;0;65;04104;16?644; c_cfg_h3_speedcmp_max_speed_addr              ;;7:0;0x00;;r/w;max speed;;;;(0..255 => 0..4m/s);;0 = disabled;;;;;;;;;
;164;;;;;;;;;;;;;;;;;;;;;;;;;;;;;
;164;;;;;;;;ethernet 0;SFpgaEthCfg FpgaCfg.eth[0];;;;;;;;;;;;;;;;;;;;
14;165;1400;5?120;1;4;0;05000;20?480; c_cfg_eth0_ip_addr_addr                      ;.ipAddr;31:0;0xC0A8C866;;r/w;ip address (192.168.200.102);;;;(0..4'294'967'295);;;;;;;;;;;
14;166;1401;5?121;1;4;1;05004;20?484; c_cfg_eth0_ip_port_addr                       ;.ipPort;15:0;0x00003039;;r/w;ip port (12345);;;;(0..1'048'575);;;;;;;;;;;
14;167;1402;5?122;1;4;2;05008;20?488; c_cfg_eth0_mac_l_addr_addr;.macAddressL;31:0;0xFFFFFFFF;;r/w;mac address low;;;;;;;;;;;;;;;
14;168;1403;5?123;1;4;3;0500C;20?492; c_cfg_eth0_mac_h_addr_addr;.macAddressH;15:0;0x0000FFFF;;r/w;mac address high;;;;;;;;;;;;;;;
;168;;;;;;;;;;;;;;;;;;;;;;;;;;;;;
;168;;;;;;;;ethernet 1;;;;;;;;;;;;;;;;;;;;;
18;169;1800;6?144;1;8;0;06000;24?576; c_cfg_eth1_ip_addr_addr                      ;;31:0;0xC0A8C8FF;;r/w;ip address (192.168.200.255);;;;(0..4'294'967'295);;;;;;;;;;;
18;170;1801;6?145;1;8;1;06004;24?580; c_cfg_eth1_ip_port_addr                       ;;15:0;0x00003039;;r/w;ip port (12345);;;;(0..1'048'575);;;;;;;;;;;
18;171;1802;6?146;1;8;2;06008;24?584; c_cfg_eth1_mac_l_addr_addr;;31:0;0xFFFFFFFF;;r/w;mac address low;;;;;;;;;;;;;;;
18;172;1803;6?147;1;8;3;0600C;24?588; c_cfg_eth1_mac_h_addr_addr;;15:0;0x0000FFFF;;r/w;mac address high;;;;;;;;;;;;;;;
;172;;;;;;;;;;;;;;;;;;;;;;;;;;;;;
;172;;;;;;;;2) UDP message memory map;SFpgaUdpCfg FpgaCfg.udp;;;;;;;;;;;;;;;;;;;;
1C;173;1C00;7?168;1;12;0;07000;28?672;c_h0_udp_block_start_no;.block[0].blockNo0;19:0;0x00000;;r/w;start block number head0;;;;udp-block-size 0: 0..745'471  (745'472 flags);;;;;;max. 186'368/head;;;;;
1C;174;1C01;7?169;1;12;1;07004;28?676;c_h0_udp_block_end_no;.block[0].blockNoEnd;19:0;0x00000;;r/w;end block bumber head0;;;;udp-block-size 1: 0..372'735  (372'736 flags);;;;;;max. 93'184/head;;;;;
1C;175;1C02;7?170;1;12;2;07008;28?680;c_h1_udp_block_start_no;.block[1].blockNo0;19:0;0x00000;;r/w;start block number head1;;;;udp-block-size 2: 0..186'637  (186'638 flags);;;;;;max. 46'659/head;;;;;
1C;176;1C03;7?171;1;12;3;0700C;28?684;c_h1_udp_block_end_no;.block[1].blockNoEnd;19:0;0x00000;;r/w;end block bumber head1;;;;udp-block-size 3: 0..124'273  (124'274 flags);;;;;;max. 31'068/head;;;;;
1C;177;1C04;7?172;1;12;4;07010;28?688;c_h2_udp_block_start_no;.block[2].blockNo0;19:0;0x00000;;r/w;start block number head2;;;;;;;;;;;;;;;
1C;178;1C05;7?173;1;12;5;07014;28?692;c_h2_udp_block_end_no;.block[2].blockNoEnd;19:0;0x00000;;r/w;end block bumber head2;;;;(multiple of 32 flags!);;;;;;;;;;;
1C;179;1C06;7?174;1;12;6;07018;28?696;c_h3_udp_block_start_no;.block[3].blockNo0;19:0;0x00000;;r/w;start block number head3;;;;;;;;;;;;;;;
1C;180;1C07;7?175;1;12;7;0701C;28?700;c_h3_udp_block_end_no;.block[3].blockNoEnd;19:0;0x00000;;r/w;end block bumber head3;;;;;;;;;;;;;;;
1C;181;1C08;7?176;1;12;8;07020;28?704;c_udp_bl_data_size_addr                       ;.udp_block_size;1:0;0;;r/w;udp-block size;;(0=1'440, 1=2'880, 2=5'760, 3=8'640 byte);;addr;udp-block flags;;;;;;;;;;
;181;;;;;;;;;;;;;;;;image-data UDP-payload size;;;;;;;;;;;;;
20;182;2000;8?192;2;0;0;08000;32?768;c_udp_bl_flag_mem_addr                      ;BYTE* Fpga.blockUsed;31:0;0x00000000;;r;udp-block flag addr 0;;;;0;31;:0;;;;;;;;;
;183;?;;;;;;;c_udp_bl_flag_mem_addr                      ;;31:0;0x00000000;;r;udp-block flag addr n;;;;..;?;;;;;;;;;;
7B;184;7B05;31?493;7;11;6;1EC14;125?972;c_udp_bl_flag_mem_addr                      ;;31:0;0x00000000;;r;udp-block flag addr 23'301;;;;23?301;745?663;:745633;;;;;;;;;
;184;;;;;;;;;;;;;;;;;;;;;;;;;;;;;
;184;;;;;;;;3) Print data memory map;SFpgaPrintList Fpga.print;;;;;;;;;;;;;;;;;;;;
80;185;8000;32?768;8;0;0;20000;131?072;c_pr_data_h0_imglist_in_idx_addr             ;.imgInIdx[0];6:0;0;;r/w;image-info in index head 0;;;;0..127 (inc 1);;;;;;;;;;;
80;186;8001;32?769;8;0;1;20004;131?076;c_pr_data_h1_imglist_in_idx_addr             ;.imgInIdx[1];6:0;0;;r/w;image-info in index head 1;;;;0..127 (inc 1);;;;;;;;;;;
80;187;8002;32?770;8;0;2;20008;131?080;c_pr_data_h2_imglist_in_idx_addr             ;.imgInIdx[2];6:0;0;;r/w;image-info in index head 2;;;;0..127 (inc 1);;;;;;;;;;;
80;188;8003;32?771;8;0;3;2000C;131?084;c_pr_data_h3_imglist_in_idx_addr             ;.imgInIdx[3];6:0;0;;r/w;image-info in index head 3;;;;0..127 (inc 1);;;;;;;;;;;
;188;;;;;;;;;;;;;;;;;;;;;;;;;;;;;
;188;;;;;;;;Head0;SFpgaImage .image;;;;;;;;;;;;;;;;;;;;
80;189;8010;32?784;8;0;16;20040;131?136;c_pr_data_img_bit_per_pix_addr_0;UINT16 bitPerPixel;1:0;0;;r/w;Head0: image bit per pixel;;(0=1, 1=2, 2=3, 3=4 bit/pixel);;(0=1, 1=2, 2=3, 3=4 bit/pixel);;;;;;;;;;;
80;190;8011;32?785;8;0;17;20044;131?140;c_pr_data_img_block_no_addr_0;UINT32 blockNo;19:0;0x00000;;r/w;Head0: image start position udp-block number;;;;;;;;;;;;;;;
80;191;8012;32?786;8;0;18;20048;131?144;c_pr_data_img_width_px_addr_0;UINT16 widthPx;11:0;0x000;;r/w;Head0: image width in pixel;;;;;;;;;;;;;;;
80;192;8013;32?787;8;0;19;2004C;131?148;c_pr_data_img_width_bytes_addr_0;UINT32 widthBytes;9:0;0;;r/w;Head0: image width in byte;;;;;;;;;;;;;;;
80;193;8014;32?788;8;0;20;20050;131?152;c_pr_data_img_length_px_addr_0;UINT32 lengthPx;17:0;0;;r/w;Head0: image length in pixel;;;;;;;;;;;;;;;
80;194;8015;32?789;8;0;21;20054;131?156;c_pr_data_img_jet_px0_addr_0;INT32 jetPx0;3:0;0x0;;r/w;Head0: image print x-offset;;(0..+15);;;;;;;;;;;;;
80;195;8016;32?790;8;0;22;20058;131?160;c_pr_data_img_backward_addr_0;UINT32 backward;0;0;;r/w;Head0: print direction ;;(0=forward, 1=backward);;;;;;;;;;;;;
80;196;8017;32?791;8;0;23;2005C;131?164;c_pr_data_img_flip_hor_addr_0;UINT32 flipHorizontal;0;0;;r/w;Head0: flip image left-right ;;(0=no flip, 1=flip);;;;;;;;;;;;;
80;197;8018;32?792;8;0;24;20060;131?168;c_pr_data_img_clr_bl_used_addr_0;UINT32 clearBlockUsed;0;0;;r/w;Head0: udp-block flag clear ;;(0=don't clear, 1=clear flag);;;;;;;;;;;;;
;197;;;;;;;;Head1;;;;;;;;;;;;;;;;;;;;;
80;198;801A;32?794;8;0;26;20068;131?176;c_pr_data_img_bit_per_pix_addr_1;UINT16 bitPerPixel;1:0;0;;r/w;Head1: image bit per pixel;;(0=1, 1=2, 2=3, 3=4 bit/pixel);;;;;;;;;;;;;
80;199;801B;32?795;8;0;27;2006C;131?180;c_pr_data_img_block_no_addr_1;UINT32 blockNo;19:0;0x00000;;r/w;Head1: image start position udp-block number;;;;;;;;;;;;;;;
80;200;801C;32?796;8;0;28;20070;131?184;c_pr_data_img_width_px_addr_1;UINT16 widthPx;11:0;0x000;;r/w;Head1: image width in pixel;;;;;;;;;;;;;;;
80;201;801D;32?797;8;0;29;20074;131?188;c_pr_data_img_width_bytes_addr_1;UINT32 widthBytes;9:0;0;;r/w;Head1: image width in byte;;;;;;;;;;;;;;;
80;202;801E;32?798;8;0;30;20078;131?192;c_pr_data_img_length_px_addr_1;UINT32 lengthPx;17:0;0;;r/w;Head1: image length in pixel;;;;;;;;;;;;;;;
80;203;801F;32?799;8;0;31;2007C;131?196;c_pr_data_img_jet_px0_addr_1;INT32 jetPx0;3:0;0x0;;r/w;Head1: image print x-offset;;(0..+15);;;;;;;;;;;;;
80;204;8020;32?800;8;0;32;20080;131?200;c_pr_data_img_backward_addr_1;UINT32 backward;0;0;;r/w;Head1: print direction ;;(0=forward, 1=backward);;;;;;;;;;;;;
80;205;8021;32?801;8;0;33;20084;131?204;c_pr_data_img_flip_hor_addr_1;UINT32 flipHorizontal;0;0;;r/w;Head1: flip image left-right ;;(0=no flip, 1=flip);;;;;;;;;;;;;
80;206;8022;32?802;8;0;34;20088;131?208;c_pr_data_img_clr_bl_used_addr_1;UINT32 clearBlockUsed;0;0;;r/w;Head1: udp-block flag clear ;;(0=don't clear, 1=clear flag);;;;;;;;;;;;;
;206;;;;;;;;Head2;;;;;;;;;;;;;;;;;;;;;
80;207;8024;32?804;8;0;36;20090;131?216;c_pr_data_img_bit_per_pix_addr_2;UINT16 bitPerPixel;1:0;0;;r/w;Head2: image bit per pixel;;(0=1, 1=2, 2=3, 3=4 bit/pixel);;;;;;;;;;;;;
80;208;8025;32?805;8;0;37;20094;131?220;c_pr_data_img_block_no_addr_2;UINT32 blockNo;19:0;0x00000;;r/w;Head2: image start position udp-block number;;;;;;;;;;;;;;;
80;209;8026;32?806;8;0;38;20098;131?224;c_pr_data_img_width_px_addr_2;UINT16 widthPx;11:0;0x000;;r/w;Head2: image width in pixel;;;;;;;;;;;;;;;
80;210;8027;32?807;8;0;39;2009C;131?228;c_pr_data_img_width_bytes_addr_2;UINT32 widthBytes;9:0;0;;r/w;Head2: image width in byte;;;;;;;;;;;;;;;
80;211;8028;32?808;8;0;40;200A0;131?232;c_pr_data_img_length_px_addr_2;UINT32 lengthPx;17:0;0;;r/w;Head2: image length in pixel;;;;;;;;;;;;;;;
80;212;8029;32?809;8;0;41;200A4;131?236;c_pr_data_img_jet_px0_addr_2;INT32 jetPx0;3:0;0x0;;r/w;Head2: image print x-offset;;(0..+15);;;;;;;;;;;;;
80;213;802A;32?810;8;0;42;200A8;131?240;c_pr_data_img_backward_addr_2;UINT32 backward;0;0;;r/w;Head2: print direction ;;(0=forward, 1=backward);;;;;;;;;;;;;
80;214;802B;32?811;8;0;43;200AC;131?244;c_pr_data_img_flip_hor_addr_2;UINT32 flipHorizontal;0;0;;r/w;Head2: flip image left-right ;;(0=no flip, 1=flip);;;;;;;;;;;;;
80;215;802C;32?812;8;0;44;200B0;131?248;c_pr_data_img_clr_bl_used_addr_2;UINT32 clearBlockUsed;0;0;;r/w;Head2: udp-block flag clear ;;(0=don't clear, 1=clear flag);;;;;;;;;;;;;
;215;;;;;;;;Head3;;;;;;;;;;;;;;;;;;;;;
80;216;802E;32?814;8;0;46;200B8;131?256;c_pr_data_img_bit_per_pix_addr_3;UINT16 bitPerPixel;1:0;0;;r/w;Head3: image bit per pixel;;(0=1, 1=2, 2=3, 3=4 bit/pixel);;;;;;;;;;;;;
80;217;802F;32?815;8;0;47;200BC;131?260;c_pr_data_img_block_no_addr_3;UINT32 blockNo;19:0;0x00000;;r/w;Head3: image start position udp-block number;;;;;;;;;;;;;;;
80;218;8030;32?816;8;0;48;200C0;131?264;c_pr_data_img_width_px_addr_3;UINT16 widthPx;11:0;0x000;;r/w;Head3: image width in pixel;;;;;;;;;;;;;;;
80;219;8031;32?817;8;0;49;200C4;131?268;c_pr_data_img_width_bytes_addr_3;UINT32 widthBytes;9:0;0;;r/w;Head3: image width in byte;;;;;;;;;;;;;;;
80;220;8032;32?818;8;0;50;200C8;131?272;c_pr_data_img_length_px_addr_3;UINT32 lengthPx;17:0;0;;r/w;Head3: image length in pixel;;;;;;;;;;;;;;;
80;221;8033;32?819;8;0;51;200CC;131?276;c_pr_data_img_jet_px0_addr_3;INT32 jetPx0;3:0;0x0;;r/w;Head3: image print x-offset;;(0..+15);;;;;;;;;;;;;
80;222;8034;32?820;8;0;52;200D0;131?280;c_pr_data_img_backward_addr_3;UINT32 backward;0;0;;r/w;Head3: print direction ;;(0=forward, 1=backward);;;;;;;;;;;;;
80;223;8035;32?821;8;0;53;200D4;131?284;c_pr_data_img_flip_hor_addr_3;UINT32 flipHorizontal;0;0;;r/w;Head3: flip image left-right ;;(0=no flip, 1=flip);;;;;;;;;;;;;
80;224;8036;32?822;8;0;54;200D8;131?288;c_pr_data_img_clr_bl_used_addr_3;UINT32 clearBlockUsed;0;0;;r/w;Head3: udp-block flag clear ;;(0=don't clear, 1=clear flag);;;;;;;;;;;;;
;224;;;;;;;;;;;;;;;;;;;;;;;;;;;;;
;224;;;;;;;;4) Encoder config memory MAP;SFpgaEncoderCfg FpgaCfg.encoder;;;;;;;;;;;;;;;;;;;;
A0;225;A000;40?960;10;0;0;28000;163?840;c_enc_sel_addr                                ;.cmd;31:0;;;r/w;;;;;;;;;;;;;;;;
;225;;;;;;;;;ENC_SIGNAL_MODE;0;0;;;Encoder input select;;(0=telegram, 1=encoder a-signal);;;;;;;;;;;;;
;225;;;;;;;;;ENC_BIT_1;1;;;;;;;;;;;;;;;;;;;
;225;;;;;;;;;ENC_BIT_2;2;;;;;;;;;;;;;;;;;;;
;225;;;;;;;;;ENC_BIT_3;3;;;;;;;;;;;;;;;;;;;
;225;;;;;;;;;ENC_HEAD0_ENABLE;4;0;;;Select head enable;;(bit 4=head0, ?, 7=head3);;;;;;;;;;;;;
;225;;;;;;;;;ENC_HEAD1_ENABLE;5;0;;;;;;;;;;;;;;;;;;
;225;;;;;;;;;ENC_HEAD2_ENABLE;6;0;;;;;;;;;;;;;;;;;;
;225;;;;;;;;;ENC_HEAD3_ENABLE;7;0;;;;;;;;;;;;;;;;;;
;225;;;;;;;;;reserved;8:30;;;;;;;;;;;;;;;;;;;
;225;;;;;;;;;ENC_ENABLE;31;0;;;"Enable both ""telegram-enc"" and ""enc-A""";;(0=disable, 1=enable);;;;;;;;;;;;;
A0;226;A001;40?961;10;0;1;28004;163?844;c_enc_distance_pm_addr                        ;.dist_pm;31:0;0x00000000;;r/w;encoder distance in pm;;(10'000'000 = 10 um);;;;;;;;;;;;;
A0;227;A002;40?962;10;0;2;28008;163?848;c_enc_synth_enc_addr                          ;.synth;31:0;0x00000000;;r/w;;;;;;;;;;;;;;;;
;227;;;;;;;;;.value;19:0;0;;;synthetic encoder speed;;(Speed = 160MHz / value) 1'778 = 90 kHz (= 1.905 m/s);;;;;;;;;;;;;
;227;;;;;;;;;.bit_28_30;;;;;;;;;;;;;;;;;;;;
;227;;;;;;;;;.enable;31;0;;;synthetic encoder enable;;(0=disable, 1=enable / before enable, disable real encoder first!);;;;;;;;;;;;;
A0;228;A003;40?963;10;0;3;2800C;163?852;c_cfg_jet_shake_interval_addr                 ;.shake_interval;21:0;0;;r/w;jet shake interval;;(0..4'194'303 => t=0..4.19s - step: 1.6us);;;;;;;;;;;;;
;228;;;;;;;;;;;;;;;;;;;;;;;;;;;;;
A0;229;A004;40?964;10;0;4;28010;163?856;c_cfg_print_go;.manual_printGo;0;0;;r/w;manual printgo trigger;;(works with real as well as with synthetic encoder);;;;;;;;;;;;;
;229;;;;;;;;;;;;;;;;;;;;;;;;;;Signal Source;;;
;229;;;;;;;;5) Status Register;SFpgaHeadStat Fpga.stat;;;;;;;;31:24;;23:16;;15:8;;7:0;;;Block;Sub-Block;;
B0;230;B000;45?056;11;0;0;2C000;180?224;c_fpga_status_addr               ;.info;12:0;;;r;;;;;;;;;;;;;;;;
;230;;;;;;;;;.head_req_fsm_0_running;0;;-;;head_req_fsm_running_h0;;;;;;;;;;;;data_print_ctrl;head_req_fp_data;;
;230;;;;;;;;;.head_req_fsm_1_running;1;;-;;head_req_fsm_running_h1;;;;;;;;;;;;;head_req_fp_data;;
;230;;;;;;;;;.head_req_fsm_2_running;2;;-;;head_req_fsm_running_h2;;;;;;;;;;;;;head_req_fp_data;;
;230;;;;;;;;;.head_req_fsm_3_running;3;;-;;head_req_fsm_running_h3;;;;;;;;;;;;;head_req_fp_data;;
;230;;;;;;;;;.main_fsm_0_running;4;;-;;main_fsm_running_h0;;;;;;;;;;;;data_print_ctrl;main_head_ctrl;;
;230;;;;;;;;;.main_fsm_1_running;5;;-;;main_fsm_running_h1;;;;;;;;;;;;;main_head_ctrl;;
;230;;;;;;;;;.main_fsm_2_running;6;;-;;main_fsm_running_h2;;;;;;;;;;;;;main_head_ctrl;;
;230;;;;;;;;;.main_fsm_3_running;7;;-;;main_fsm_running_h3;;;;;;;;;;;;;main_head_ctrl;;
;230;;;;;;;;;.head_fsm_0_running;8;;-;;head_fsm_running_h0;;;;;;;;;;;;data_print_ctrl;head_ctrl_fsm;;
;230;;;;;;;;;.head_fsm_1_running;9;;-;;head_fsm_running_h1;;;;;;;;;;;;;head_ctrl_fsm;;
;230;;;;;;;;;.head_fsm_2_running;10;;-;;head_fsm_running_h2;;;;;;;;;;;;;head_ctrl_fsm;;
;230;;;;;;;;;.head_fsm_3_running;11;;-;;head_fsm_running_h3;;;;;;;;;;;;;head_ctrl_fsm;;
;230;;;;;;;;;.nios_reset;12;;-;;nios reset flag;;;;;;;;;;;;;;;
;230;;;;;;;;;.info_13;13;;-;;;;;;;;;;;;;;;;;
;230;;;;;;;;;.info_14;14;;-;;;;;;;;;;;;;;;;;
;230;;;;;;;;;.info_15;15;;-;;;;;;;;;;;;;;;;;
;230;;;;;;;;;.clearing_udp_flags;16;;-;;clearing udp-flags;;;;;;;;;;;;config_status_reg;udp_block_used_flags_ctrl;;
B0;231;B001;45?057;11;0;1;2C004;180?228;c_ethernet_ctrl_status_addr      ;.eth;1:0;;-;r;ETH gigabit mode;;bit 0: eht0_gigabit_mode, bit 1: eth1_gigabit_mode;;;;;;;;;;;;;
B0;232;B002;45?058;11;0;2;2C008;180?232;c_data_acqu_ctrl_status_addr     ;.dataLevel_0;7:0;;-;r;ethernet fifo level;;;fifo1 max level;;fifo0 max level;;fifo1 level;;fifo0 level;;;;;;
;232;;;;;;;;;.dataLevel_1;15:8;;-;;;;;;;;;;;;;;;;;
;232;;;;;;;;;.dataMax_0;23:16;;-;;;;;;;;;;;;;;;;;
;232;;;;;;;;;.dataMax_1;31:24;;-;;;;;;;;;;;;;;;;;
B0;233;B003;45?059;11;0;3;2C00C;180?236;c_ddr3_arbiter_status01_addr       ;.ddr3Arbiter;0;;-;r;ddr3 ready flag;;;;;;;;;;;;;;;
B0;234;B004;45?060;11;0;4;2C010;180?240;c_data_print_ctrl_status01_addr    ;.printCtrl;31:0;;5;r;Img PrintGo counter;;(auto-clear on falling edge of enable);printGoCnt_h3;;printGoCnt_h2;;printGoCnt_h1;;printGoCnt_h0;;;data_print_ctrl;head_req_fp_data;;
B0;235;B005;45?061;11;0;5;2C014;180?244;c_encoder_ctrl_status_addr       ;.encderCtrl;31:0;;;;to be defined;;;;;;;;;;;;;;;
;235;;;;;;;;;;;;;;;;;;;;;;;;;;;;;
B0;236;B006;45?062;11;0;6;2C018;180?248;c_eth0_arp_req_addr;;31:0;;0;r;ETH0 ARP-request mit mac/broadcast (TSE);;;eth0_rx_my_arp_req_cnt;;;;eth0_rx_bc_arp_req_cnt;;;;;;;;
B0;237;B007;45?063;11;0;7;2C01C;180?252;c_eth1_arp_req_addr;;31:0;;0;r;ETH1 ARP-request mit mac/broadcast (TSE);;;eth1_rx_my_arp_req_cnt;;;;eth1_rx_bc_arp_req_cnt;;;;;;;;
B0;238;B008;45?064;11;0;8;2C020;180?256;c_cmd_master_en_inv_cnt_addr;.cmd_master_en_inactive_pulse;15:0;;0;r;counts falling-edges of cmd_master_en;;;;;;;cmd_master_en_inactive_cnt;;;;;ddr3_arbiter;ddr3_arp_err_stat;;
B0;239;B009;45?065;11;0;9;2C024;180?260;c_eth0_rx_pkt_cnt_addr;.eth_ctr[0].frames_all;15:0;;0;r;counts all ETH0-frames;;;eth0 my pkt;;;;eth0 all pkt;;;;;;;;
;239;;;;;;;;;.eth_ctr[0].frames_my;31:16;;0;r;counts ETH0-frames with correct MAC;;;;;;;;;;;;;;;
B0;240;B00A;45?066;11;0;10;2C028;180?264;c_eth1_rx_pkt_cnt_addr;.eth_ctr[1].frames_all;15:0;;0;r;counts all ETH1-frames;;;eth1 my pkt;;;;eth1 all pkt;;;;;;;;
;240;;;;;;;;;.eth_ctr[1].frames_my;31:16;;0;r;counts ETH1-frames with correct MAC;;;;;;;;;;;;;;;
;240;;;;;;;;;;;;;;;;;eth rx-udp-pkt counter;;;;;;;;;;;;
B0;241;B00B;45?067;11;0;11;2C02C;180?268;c_eth_rx_my_udp_pkt_cnt_addr;status_ddr3_arbiter.eth0_rx_udp_pkt_pulse;15:0;;0;r;counts ETH0-UDP-frames with valid UDP-block-no;;;;;;;eth0 rx-udp-pkt;;;;;;;;
;241;;;;;;;;;status_ddr3_arbiter.eth1_rx_udp_pkt_pulse;31:16;;0;r;counts ETH1-UDP-frames with valid UDP-block-no;;;eth1 rx-udp-pkt;;;;;;;;;;;;
;241;;;;;;;;;;;;;;;;;eth rx-udp-alive counter;;;;;;;;;;;;
B0;242;B00C;45?068;11;0;12;2C030;180?272;c_eth_rx_udp_alive_cnt_addr;status_eth_core.eth0_udp_bl_nr_ovl_pulse;15:0;;0;r;counts ETH0-UDP-frames with invalid UDP-block-no;;;;;;;eth0 rx-udp-alive;;;;;;;;
;242;;;;;;;;;status_eth_core.eth1_udp_bl_nr_ovl_pulse;31:16;;0;r;counts ETH1-UDP-frames with invalid UDP-block-no;;;eth1 rx-udp-alive;;;;;;;;;;;;
;242;;;;;;;;;;;;;;;;;;;;;;;;;;;;;
B0;243;B00D;45?069;11;0;13;2C034;180?276;c_eth_arp_rep_addr;;31:0;;0;r;ETH1/ETH0 ARP-reply (TSE);;;eth1_tx_arp_rep_cnt;;;;eth0_tx_arp_rep_cnt;;;;;;;;
B0;244;B00E;45?070;11;0;14;2C038;180?280;c_eth_rx_all_udp_pkt_cnt_addr;;31:0;;0;r;ETH1/ETH0 UDP mit korrektem header (TSE);;;eth1_rx_my_udp_pkt_cnt;;;;eth0_rx_my_udp_pkt_cnt;;;;;;;;
B0;245;B00F;45?071;11;0;15;2C03C;180?284;c_eth_invld_ip_length_addr;status_eth_core.eth0/1_ip_length;31:0;;0;r;ETH1/ETH0 IP-length fom IP-header;;if not correct according  to configured udp-block-size;eth1_ip_length;;;;eth0_ip_length;;;;;;;;
;;;;;;;;;;;;;;;;;;;;;;;;;;;;;;
B0;246;B010;45?072;11;0;16;2C040;180?288;c_fpga_temp_addr                 ;.temp;7:0;;-;r;fpga temperature;;-128øC (0x00), ?, 0øC (0x80), ?, 127øC (0xFF);;;;;Note: reg read = start new temp meas;;;;;temp_sens;status_reg;;
B0;247;B011;45?073;11;0;17;2C044;180?292;c_data_print_ctrl_status02_addr;.pg_abort_ctr[4];31:0;;5;r;Skip image counter;;;skipImg_h3;;skipImg_h2;;skipImg_h1;;skipImg_h0;;;data_print_ctrl;main_head_ctrl;;
B0;248;B012;45?074;11;0;18;2C048;180?296;c_data_print_ctrl_status03_addr;.img_line_fp[4];31:0;;5;r;Img-line fp counter;;;img_line_fp_h3;;img_line_fp_h2;;img_line_fp_h1;;img_line_fp_h0;;;data_print_ctrl;main_head_ctrl;;
B0;249;B013;45?075;11;0;19;2C04C;180?300;c_fpga_temp_meas_cnt_addr;.temp_ctr[2];31:0;;-;r;Temperature counter;;;temp meas done cnt;;;;temp meas start cnt;;;;;config_status_reg;status_reg;;
B0;250;B014;45?076;11;0;20;2C050;180?304;c_data_print_ctrl_status04_addr;.head_dot_cnt[0];31:0;;ac;r;h0 shooting jets counter;;(auto-clear on read);h0 shooting jets counter;;;;;;;;;data_print_ctrl;head_ctrl_fsm;;
B0;251;B015;45?077;11;0;21;2C054;180?308;c_data_print_ctrl_status05_addr;.head_dot_cnt[1];31:0;;ac;r;h1 shooting jets counter;;(auto-clear on read);h1 shooting jets counter;;;;;;;;;;head_ctrl_fsm;;
B0;252;B016;45?078;11;0;22;2C058;180?312;c_data_print_ctrl_status06_addr;.head_dot_cnt[2];31:0;;ac;r;h2 shooting jets counter;;(auto-clear on read);h2 shooting jets counter;;;;;;;;;;head_ctrl_fsm;;
B0;253;B017;45?079;11;0;23;2C05C;180?316;c_data_print_ctrl_status07_addr;.head_dot_cnt[3];31:0;;ac;r;h3 shooting jets counter;;(auto-clear on read);h3 shooting jets counter;;;;;;;;;;head_ctrl_fsm;;
B0;254;B018;45?080;11;0;24;2C060;180?320;c_data_print_ctrl_status08_addr;.head_fp_cnt[0];23:0;;5;r;h0 head fp counter;;;;;h0 head fp counter;;;;;;;data_print_ctrl;head_ctrl_fsm;;
B0;255;B019;45?081;11;0;25;2C064;180?324;c_data_print_ctrl_status09_addr;.head_fp_cnt[1];23:0;;5;r;h1 head fp counter;;;;;h1 head fp counter;;;;;;;;head_ctrl_fsm;;
B0;256;B01A;45?082;11;0;26;2C068;180?328;c_data_print_ctrl_status10_addr;.head_fp_cnt[2];23:0;;5;r;h2 head fp counter;;;;;h2 head fp counter;;;;;;;;head_ctrl_fsm;;
B0;257;B01B;45?083;11;0;27;2C06C;180?332;c_data_print_ctrl_status11_addr;.head_fp_cnt[3];23:0;;5;r;h3 head fp counter;;;;;h3 head fp counter;;;;;;;;head_ctrl_fsm;;
B0;258;B01C;45?084;11;0;28;2C070;180?336;c_ddr3_arbiter_status02_addr;;31:0;;-;r;-;;;;;;;;;;;;;;;
B0;259;B01D;45?085;11;0;29;2C074;180?340;c_ddr3_arbiter_status03_addr;;31:0;;-;r;-;;;;;;;;;;;;;;;
B0;260;B01E;45?086;11;0;30;2C078;180?344;c_ddr3_arbiter_status04_addr;;7:4;;-;r;ddr3-arbiter fsm hang cnt / fsm state;;how often ddr3-arbiter fsm hang cnt max value reached;;;;;;;max hang-counter;;;;;;
;;;;;;;;;;;3:0;;-;r;ddr3-arbiter-fsm state when hang;;ddr3-arbiter-fsm state when hang cnt reaches max-value;;;;;;;"DDR3-
Arbiter 
FSM 
State";;;;;;
B0;261;B01F;45?087;11;0;31;2C07C;180?348;c_ddr3_arbiter_status05_addr;;31:0;;1;r;ddr3-arbiter fsm hang cnt / fsm state;;;DDR3-Abriter FSM hang counter;;;;DDR3-Arbiter FSM State;;;;;ddr3_arbiter;ddr3_if_ctrl;;
;261;;;;;;;;;;;;;;;;;;;;;;;;;;;;;
B0;262;B020;45?088;11;0;32;2C080;180?352;c_dbg_ddr3_data_valid_h0_addr;.ddr3[0].valid;0;;-;r;head0 ddr3 read data valid;;Debug: read ddr3 data;;;;;;;;;;data_print_ctrl;prepare_img_line;;
B0;263;B021;45?089;11;0;33;2C084;180?356;c_dbg_ddr3_data_h0_addr;.ddr3[0].data;31:0;;-;r;head0 ddr3 read data;;;head0 ddr3 read data;;;;;;;;;;;;
B0;264;B022;45?090;11;0;34;2C088;180?360;c_dbg_ddr3_data_valid_h1_addr;.ddr3[1].valid;0;;-;r;head1 ddr3 read data valid;;;;;;;;;;;;;;;
B0;265;B023;45?091;11;0;35;2C08C;180?364;c_dbg_ddr3_data_h1_addr;.ddr3[1].data;31:0;;-;r;head1 ddr3 read data;;;head1 ddr3 read data;;;;;;;;;;;;
B0;266;B024;45?092;11;0;36;2C090;180?368;c_dbg_ddr3_data_valid_h2_addr;.ddr3[2].valid;0;;-;r;head2 ddr3 read data valid;;;;;;;;;;;;;;;
B0;267;B025;45?093;11;0;37;2C094;180?372;c_dbg_ddr3_data_h2_addr;.ddr3[2].data;31:0;;-;r;head2 ddr3 read data;;;head2 ddr3 read data;;;;;;;;;;;;
B0;268;B026;45?094;11;0;38;2C098;180?376;c_dbg_ddr3_data_valid_h3_addr;.ddr3[3].valid;0;;-;r;head3 ddr3 read data valid;;;;;;;;;;;;;;;
B0;269;B027;45?095;11;0;39;2C09C;180?380;c_dbg_ddr3_data_h3_addr;.ddr3[3].data;31:0;;-;r;head3 ddr3 read data;;;head3 ddr3 read data;;;;;;;;;;;;
;269;;;;;;;;;;;;;;;;;;;;;;;;;;;;;
B0;270;B028;45?096;11;0;40;2C0A0;180?384;c_dbg_head_data_valid_h0_addr;.head[0].valid;0;;-;r;head0 head read data valid;;Debug: read head data;;;;;;;;;;data_print_ctrl;head_ctrl_fsm;;
B0;271;B029;45?097;11;0;41;2C0A4;180?388;c_dbg_head_data_h0_addr;.head[0].data;31:0;;-;r;head0 head read data;;;head0 head read data;;;;;;;;;;;;
B0;272;B02A;45?098;11;0;42;2C0A8;180?392;c_dbg_head_data_valid_h1_addr;.head[1].valid;0;;-;r;head1 head read data valid;;;;;;;;;;;;;;;
B0;273;B02B;45?099;11;0;43;2C0AC;180?396;c_dbg_head_data_h1_addr;.head[1].data;31:0;;-;r;head1 head read data;;;head1 head read data;;;;;;;;;;;;
B0;274;B02C;45?100;11;0;44;2C0B0;180?400;c_dbg_head_data_valid_h2_addr;.head[2].valid;0;;-;r;head2 head read data valid;;;;;;;;;;;;;;;
B0;275;B02D;45?101;11;0;45;2C0B4;180?404;c_dbg_head_data_h2_addr;.head[2].data;31:0;;-;r;head2 head read data;;;head2 head read data;;;;;;;;;;;;
B0;276;B02E;45?102;11;0;46;2C0B8;180?408;c_dbg_head_data_valid_h3_addr;.head[3].valid;0;;-;r;head3 head read data valid;;;;;;;;;;;;;;;
B0;277;B02F;45?103;11;0;47;2C0BC;180?412;c_dbg_head_data_h3_addr;.head[3].data;31:0;;-;r;head3 head read data;;;head3 head read data;;;;;;;;;;;;
;277;;;;;;;;;;;;;;;;;;;;;;;;;;;;;
B0;278;B030;45?104;11;0;48;2C0C0;180?416;c_fpga_version_major_addr;.version.major;31:0;;-;r;FPGA version number: major;;;FPGA version number: major;;;;;;;;;;;;
B0;279;B031;45?105;11;0;49;2C0C4;180?420;c_fpga_version_minor_addr;.version.minor;31:0;;-;r;FPGA version number: minor;;;FPGA version number: minor;;;;;;;;;;;;
B0;280;B032;45?106;11;0;50;2C0C8;180?424;c_fpga_version_revision_addr;.version.revision;31:0;;-;r;FPGA version number: revision;;;FPGA version number: revision;;;;;;;;;;;;
B0;281;B033;45?107;11;0;51;2C0CC;180?428;c_fpga_version_build_addr;.version.build;31:0;;-;r;FPGA version number: build;;;FPGA version number: build;;;;;;;;;;;;
;281;;;;;;;;;;;;;;;;;;;;;15:11;12:8;7:4;3:0;;;;;
B0;282;B042;45?122;11;0;66;2C108;180?488;c_data_print_ctrl_fsm_state01;;15:0;;-;r;fsm state request;;;;;;;fsm_h3;fsm_h2;fsm_h1;fsm_h0;;data_print_ctrl;head_req_fp_data;;
B0;283;B043;45?123;11;0;67;2C10C;180?492;c_data_print_ctrl_fsm_state02;;15:0;;-;r;fsm state head;;;;;;;fsm_h3;fsm_h2;fsm_h1;fsm_h0;;;head_ctrl_fsm;;
B0;284;B044;45?124;11;0;68;2C110;180?496;c_data_print_ctrl_fsm_state03;;15:0;;-;r;fsm state main;;;;;;;fsm_h3;fsm_h2;fsm_h1;fsm_h0;;;main_head_ctrl;;
B0;285;B045;45?125;11;0;69;2C114;180?500;c_data_print_ctrl_fsm_state04;;15:0;;-;r;fsm state fifo-wr;;;;;;;fsm_h3;fsm_h2;fsm_h1;fsm_h0;;;img_line_fifo_wr_ctrl;;
B0;286;B046;45?126;11;0;70;2C118;180?504;c_data_print_ctrl_fsm_state05;;15:0;;-;r;fsm state head-mem wr;;;;;;;fsm_h3;fsm_h2;fsm_h1;fsm_h0;;;wr_head_mem;;
B0;287;B047;45?127;11;0;71;2C11C;180?508;c_data_print_ctrl_fsm_state06;;15:0;;-;r;fsm state head-mem rd;;;;;;;fsm_h3;fsm_h2;fsm_h1;fsm_h0;;;rd_head_mem;;
;287;;;;;;;;;;;;;;;;;;;;;;;;;;;;;
B0;288;B060;45?152;11;0;96;2C180;180?608;c_data_print_ctrl_status16_addr;;19:0;;-;r;Read udp-block-nr pointer head0;;;;;rd_udp_block_no_pointer head0;;;;;;;data_print_ctrl;img_line_fifo_wr_ctrl;;
B0;289;B061;45?153;11;0;97;2C184;180?612;c_data_print_ctrl_status17_addr;;19:0;;-;r;Read udp-block-nr pointer head1;;;;;rd_udp_block_no_pointer head1;;;;;;;;;;
B0;290;B062;45?154;11;0;98;2C188;180?616;c_data_print_ctrl_status18_addr;;19:0;;-;r;Read udp-block-nr pointer head2;;;;;rd_udp_block_no_pointer head2;;;;;;;;;;
B0;291;B063;45?155;11;0;99;2C18C;180?620;c_data_print_ctrl_status19_addr;;19:0;;-;r;Read udp-block-nr pointer head3;;;;;rd_udp_block_no_pointer head3;;;;;;;;;;
;291;;;;;;;;;;;;;;;;;;;;;;;;;;;;;
B0;292;B070;45?168;11;0;112;2C1C0;180?672;c_data_print_ctrl_status12_addr;;24:0;;5;r;img-print-done counter head0;;(auto-clear on falling edge of enable);;;img-print-done counter head0;;;;;;;data_print_ctrl;rd_head_mem;;
B0;293;B071;45?169;11;0;113;2C1C4;180?676;c_data_print_ctrl_status13_addr;;24:0;;5;r;img-print-done counter head1;;(auto-clear on falling edge of enable);;;img-print-done counter head1;;;;;;;;;;
B0;294;B072;45?170;11;0;114;2C1C8;180?680;c_data_print_ctrl_status14_addr;;24:0;;5;r;img-print-done counter head2;;(auto-clear on falling edge of enable);;;img-print-done counter head2;;;;;;;;;;
B0;295;B073;45?171;11;0;115;2C1CC;180?684;c_data_print_ctrl_status15_addr;;24:0;;5;r;img-print-done counter head3;;(auto-clear on falling edge of enable);;;img-print-done counter head3;;;;;;;;;;
;295;;;;;;;;;;;;;;;;;;;;;;;;;;;;;
B0;296;B080;45?184;11;0;128;2C200;180?736;c_encoder_cur_position_h0;;22:0;;-;r;encoder current position head0;;;;;encoder current position head0;;;;;;;encoder_top;tel;;
B0;297;B081;45?185;11;0;129;2C204;180?740;c_encoder_cur_position_h1;;22:0;;-;r;encoder current position head1;;;;;encoder current position head1;;;;;;;;;;
B0;298;B082;45?186;11;0;130;2C208;180?744;c_encoder_cur_position_h2;;22:0;;-;r;encoder current position head2;;;;;encoder current position head2;;;;;;;;;;
B0;299;B083;45?187;11;0;131;2C20C;180?748;c_encoder_cur_position_h3;;;;-;r;encoder current position head3;;;;;encoder current position head3;;;;;;;;;;
;299;;;;;;;;;;;;;;;;;;;;;;;;;;;;;
B0;300;B084;45?188;11;0;132;2C210;180?752;c_encoder_cur_speed_h0;;19:0;;-;r;encoder current speed head0;;;;;encoder current speed;;;;;;;encoder_top;tel;;
B0;301;B085;45?189;11;0;133;2C214;180?756;c_encoder_min_speed_h0;;19:0;;3;r;encoder min speed;;;;;encoder min speed;;;;;;;;;;
B0;302;B086;45?190;11;0;134;2C218;180?760;c_encoder_max_speed_h0;;19:0;;3;r;encoder max speed;;;;;encoder max speed;;;;;;;;;;
;302;;;;;;;;;;;;;;;;;;;;;;;;;;;;;
B0;303;B087;45?191;11;0;135;2C21C;180?764;c_encoder_cur_speed_h1;;19:0;;-;r;encoder current speed head1;;;;;encoder current speed;;;;;;;encoder_top;tel;;
B0;304;B088;45?192;11;0;136;2C220;180?768;c_encoder_min_speed_h1;;19:0;;3;r;encoder min speed;;;;;encoder min speed;;;;;;;;;;
B0;305;B089;45?193;11;0;137;2C224;180?772;c_encoder_max_speed_h1;;19:0;;3;r;encoder max speed;;;;;encoder max speed;;;;;;;;;;
;305;;;;;;;;;;;;;;;;;;;;;;;;;;;;;
B0;306;B08A;45?194;11;0;138;2C228;180?776;c_encoder_cur_speed_h2;;19:0;;-;r;encoder current speed head2;;;;;encoder current speed;;;;;;;encoder_top;tel;;
B0;307;B08B;45?195;11;0;139;2C22C;180?780;c_encoder_min_speed_h2;;19:0;;3;r;encoder min speed;;;;;encoder min speed;;;;;;;;;;
B0;308;B08C;45?196;11;0;140;2C230;180?784;c_encoder_max_speed_h2;;19:0;;3;r;encoder max speed;;;;;encoder max speed;;;;;;;;;;
;308;;;;;;;;;;;;;;;;;;;;;;;;;;;;;
B0;309;B08D;45?197;11;0;141;2C234;180?788;c_encoder_cur_speed_h3;;19:0;;-;r;encoder current speed head3;;;;;encoder current speed;;;;;;;encoder_top;tel;;
B0;310;B08E;45?198;11;0;142;2C238;180?792;c_encoder_min_speed_h3;;19:0;;3;r;encoder min speed;;;;;encoder min speed;;;;;;;;;;
B0;311;B08F;45?199;11;0;143;2C23C;180?796;c_encoder_max_speed_h3;;19:0;;3;r;encoder max speed;;;;;encoder max speed;;;;;;;;;;
;311;;;;;;;;;;;;;;;;;;;;;;;;;;;;;
B0;312;B090;45?200;11;0;144;2C240;180?800;c_pg_in_stroke_h0;;19:0;;-;r;printgo in stroke (position) head0;;;msb = direction;;pg_in_stoke (+offset position);;;;;;;encoder_top;tel;;
B0;313;B091;45?201;11;0;145;2C244;180?804;c_pg_in_stroke_h1;;19:0;;-;r;printgo in stroke (position) head1;;;msb = direction;;pg_in_stoke (+offset position);;;;;;;;;;
B0;314;B092;45?202;11;0;146;2C248;180?808;c_pg_in_stroke_h2;;19:0;;-;r;printgo in stroke (position) head2;;;msb = direction;;pg_in_stoke (+offset position);;;;;;;;;;
B0;315;B093;45?203;11;0;147;2C24C;180?812;c_pg_in_stroke_h3;;19:0;;-;r;printgo in stroke (position) head3;;;msb = direction;;pg_in_stoke (+offset position);;;;;;;;;;
;315;;;;;;;;;;;;;;;;;;;;;;;;;;;;;
B0;316;B094;45?204;11;0;148;2C250;180?816;c_pg_out_stroke_h0;;19:0;;-;r;printgo out stroke (position) head0;;;;;pg_out_stoke (+offset position);;;;;;;encoder_top;tel;;
B0;317;B095;45?205;11;0;149;2C254;180?820;c_pg_out_stroke_h1;;19:0;;-;r;printgo out stroke (position) head1;;;;;pg_out_stoke (+offset position);;;;;;;;;;
B0;318;B096;45?206;11;0;150;2C258;180?824;c_pg_out_stroke_h2;;19:0;;-;r;printgo out stroke (position) head2;;;;;pg_out_stoke (+offset position);;;;;;;;;;
B0;319;B097;45?207;11;0;151;2C25C;180?828;c_pg_out_stroke_h3;;19:0;;-;r;printgo out stroke (position) head3;;;;;pg_out_stoke (+offset position);;;;;;;;;;
;319;;;;;;;;;;;;;;;;;;;;;;;;;;;;;
B0;320;B098;45?208;11;0;152;2C260;180?832;c_pg_out_stroke_corr_h0;;7:0;;-;r;printgo out stroke correction head0;;;;;pg_out_stoke_corr (speed-comp correction);;;;;;;encoder_top;tel;;
B0;321;B099;45?209;11;0;153;2C264;180?836;c_pg_out_stroke_corr_h1;;7:0;;-;r;printgo out stroke correction head1;;;;;pg_out_stoke_corr (speed-comp correction);;;;;;;;;;
B0;322;B09A;45?210;11;0;154;2C268;180?840;c_pg_out_stroke_corr_h2;;7:0;;-;r;printgo out stroke correction head2;;;;;pg_out_stoke_corr (speed-comp correction);;;;;;;;;;
B0;323;B09B;45?211;11;0;155;2C26C;180?844;c_pg_out_stroke_corr_h3;;7:0;;-;r;printgo out stroke correction head3;;;;;pg_out_stoke_corr (speed-comp correction);;;;;;;;;;
;323;;;;;;;;;;;;;;;;;;;;;;;;;;;;;
B0;324;B09C;45?212;11;0;156;2C270;180?848;c_enc_fp_ok_cnt_h0;;23:0;;4;r;encoder firepulse ok counter head0;;;;;encoder firepulse ok counter head0;encoder firepulse ok counter head0;encoder firepulse ok counter head0;encoder firepulse ok counter head0;encoder firepulse ok counter head0;encoder firepulse ok counter head0;;encoder_top;tel;;
B0;325;B09D;45?213;11;0;157;2C274;180?852;c_enc_fp_ok_cnt_h1;;23:0;;4;r;encoder firepulse ok counter head1;;;;;encoder firepulse ok counter head1;encoder firepulse ok counter head1;encoder firepulse ok counter head1;encoder firepulse ok counter head1;encoder firepulse ok counter head1;encoder firepulse ok counter head1;;;;;
B0;326;B09E;45?214;11;0;158;2C278;180?856;c_enc_fp_ok_cnt_h2;;23:0;;4;r;encoder firepulse ok counter head2;;;;;encoder firepulse ok counter head2;encoder firepulse ok counter head2;encoder firepulse ok counter head2;encoder firepulse ok counter head2;encoder firepulse ok counter head2;encoder firepulse ok counter head2;;;;;
B0;327;B09F;45?215;11;0;159;2C27C;180?860;c_enc_fp_ok_cnt_h3;;23:0;;4;r;encoder firepulse ok counter head3;;;;;encoder firepulse ok counter head3;encoder firepulse ok counter head3;encoder firepulse ok counter head3;encoder firepulse ok counter head3;encoder firepulse ok counter head3;encoder firepulse ok counter head3;;;;;
;327;;;;;;;;;;;;;;;;         related to telegram;;;;;;;;;;;;;
B0;328;B0A0;45?216;11;0;160;2C280;180?864;c_enc_fp_late_cnt_h0;;23:0;;4;r;encoder firepule late counter head0;;;;;encoder firepule late counter head0;encoder firepule late counter head0;encoder firepule late counter head0;encoder firepule late counter head0;encoder firepule late counter head0;encoder firepule late counter head0;;encoder_top;tel;;
B0;329;B0A1;45?217;11;0;161;2C284;180?868;c_enc_fp_late_cnt_h1;;23:0;;4;r;encoder firepule late counter head1;;;;;encoder firepule late counter head1;encoder firepule late counter head1;encoder firepule late counter head1;encoder firepule late counter head1;encoder firepule late counter head1;encoder firepule late counter head1;;;;;
B0;330;B0A2;45?218;11;0;162;2C288;180?872;c_enc_fp_late_cnt_h2;;23:0;;4;r;encoder firepule late counter head2;;;;;encoder firepule late counter head2;encoder firepule late counter head2;encoder firepule late counter head2;encoder firepule late counter head2;encoder firepule late counter head2;encoder firepule late counter head2;;;;;
B0;331;B0A3;45?219;11;0;163;2C28C;180?876;c_enc_fp_late_cnt_h3;;23:0;;4;r;encoder firepule late counter head3;;;;;encoder firepule late counter head3;encoder firepule late counter head3;encoder firepule late counter head3;encoder firepule late counter head3;encoder firepule late counter head3;encoder firepule late counter head3;;;;;
;331;;;;;;;;;;;;;;;;;;;;;;;;;;;;;
B0;332;B0A4;45?220;11;0;164;2C290;180?880;c_enc_img_start_ok_cnt_h0;;23:0;;4;r;encoder image start ok counter head0;;      (auto-clear on falling edge of enable);;;encoder image start ok counter head0;encoder image start ok counter head0;encoder image start ok counter head0;encoder image start ok counter head0;encoder image start ok counter head0;encoder image start ok counter head0;;encoder_top;tel;;
B0;333;B0A5;45?221;11;0;165;2C294;180?884;c_enc_img_start_ok_cnt_h1;;23:0;;4;r;encoder image start ok counter head1;;      (auto-clear on falling edge of enable);;;encoder image start ok counter head1;encoder image start ok counter head1;encoder image start ok counter head1;encoder image start ok counter head1;encoder image start ok counter head1;encoder image start ok counter head1;;;;;
B0;334;B0A6;45?222;11;0;166;2C298;180?888;c_enc_img_start_ok_cnt_h2;;23:0;;4;r;encoder image start ok counter head2;;      (auto-clear on falling edge of enable);;;encoder image start ok counter head2;encoder image start ok counter head2;encoder image start ok counter head2;encoder image start ok counter head2;encoder image start ok counter head2;encoder image start ok counter head2;;;;;
B0;335;B0A7;45?223;11;0;167;2C29C;180?892;c_enc_img_start_ok_cnt_h3;;23:0;;4;r;encoder image start ok counter head3;;      (auto-clear on falling edge of enable);;;encoder image start ok counter head3;encoder image start ok counter head3;encoder image start ok counter head3;encoder image start ok counter head3;encoder image start ok counter head3;encoder image start ok counter head3;;;;;
;335;;;;;;;;;;;;;;;;        after compensation!;;;;;;;;;;;;;
B0;336;B0A8;45?224;11;0;168;2C2A0;180?896;c_enc_img_start_late_cnt_h0;;23:0;;4;r;encoder image start late counter head0;;      (auto-clear on falling edge of enable);;;encoder image start late counter head0;encoder image start late counter head0;encoder image start late counter head0;encoder image start late counter head0;encoder image start late counter head0;encoder image start late counter head0;;encoder_top;tel;;
B0;337;B0A9;45?225;11;0;169;2C2A4;180?900;c_enc_img_start_late_cnt_h1;;23:0;;4;r;encoder image start late counter head1;;      (auto-clear on falling edge of enable);;;encoder image start late counter head1;encoder image start late counter head1;encoder image start late counter head1;encoder image start late counter head1;encoder image start late counter head1;encoder image start late counter head1;;;;;
B0;338;B0AA;45?226;11;0;170;2C2A8;180?904;c_enc_img_start_late_cnt_h2;;23:0;;4;r;encoder image start late counter head2;;      (auto-clear on falling edge of enable);;;encoder image start late counter head2;encoder image start late counter head2;encoder image start late counter head2;encoder image start late counter head2;encoder image start late counter head2;encoder image start late counter head2;;;;;
B0;339;B0AB;45?227;11;0;171;2C2AC;180?908;c_enc_img_start_late_cnt_h3;;23:0;;4;r;encoder image start late counter head3;;      (auto-clear on falling edge of enable);;;encoder image start late counter head3;encoder image start late counter head3;encoder image start late counter head3;encoder image start late counter head3;encoder image start late counter head3;encoder image start late counter head3;;;;;
;339;;;;;;;;;;;;;;;;;;;;;;;;;;;;;
B0;340;B0AC;45?228;11;0;172;2C2B0;180?912;c_encoder_jet_shake_start_cnt_h0;;23:0;;4;r;encoder jet-shake start counter head0;;;;;encoder jet-shake start counter head0;encoder jet-shake start counter head0;encoder jet-shake start counter head0;encoder jet-shake start counter head0;encoder jet-shake start counter head0;encoder jet-shake start counter head0;;encoder_top;tel;;
B0;341;B0AD;45?229;11;0;173;2C2B4;180?916;c_encoder_jet_shake_start_cnt_h1;;23:0;;4;r;encoder jet-shake start counter head1;;;;;encoder jet-shake start counter head1;encoder jet-shake start counter head1;encoder jet-shake start counter head1;encoder jet-shake start counter head1;encoder jet-shake start counter head1;encoder jet-shake start counter head1;;;;;
B0;342;B0AE;45?230;11;0;174;2C2B8;180?920;c_encoder_jet_shake_start_cnt_h2;;23:0;;4;r;encoder jet-shake start counter head2;;;;;encoder jet-shake start counter head2;encoder jet-shake start counter head2;encoder jet-shake start counter head2;encoder jet-shake start counter head2;encoder jet-shake start counter head2;encoder jet-shake start counter head2;;;;;
B0;343;B0AF;45?231;11;0;175;2C2BC;180?924;c_encoder_jet_shake_start_cnt_h3;;23:0;;4;r;encoder jet-shake start counter head3;;;;;encoder jet-shake start counter head3;encoder jet-shake start counter head3;encoder jet-shake start counter head3;encoder jet-shake start counter head3;encoder jet-shake start counter head3;encoder jet-shake start counter head3;;;;;
;343;;;;;;;;;;;;;;;;;;;;;;;;;;;;;
B0;344;B0B0;45?232;11;0;176;2C2C0;180?928;c_encoder_fp_start_cnt_h0;.enc_fp_cnt[4];23:0;;4;r;Encoder pulse counter head0;;(auto-clear on falling edge of enable);;;Encoder pulse counter head0;;;;;;;encoder_top;enc / tel;;
B0;345;B0B1;45?233;11;0;177;2C2C4;180?932;c_encoder_fp_start_cnt_h1;;23:0;;4;r;Encoder pulse counter head1;;(auto-clear on falling edge of enable);;;Encoder pulse counter head1;;;;;;;;;;
B0;346;B0B2;45?234;11;0;178;2C2C8;180?936;c_encoder_fp_start_cnt_h2;;23:0;;4;r;Encoder pulse counter head2;;(auto-clear on falling edge of enable);;;Encoder pulse counter head2;;;;;;;;;;
B0;347;B0B3;45?235;11;0;179;2C2CC;180?940;c_encoder_fp_start_cnt_h3;;23:0;;4;r;Encoder pulse counter head3;;(auto-clear on falling edge of enable);;;Encoder pulse counter head3;;;;;;;;;;
;347;;;;;;;;;;;;;;;;;;;;;;;;;;;;;
B0;348;B0B4;45?236;11;0;180;2C2D0;180?944;c_encoder_img_start_cnt_h0;.enc_pg_cnt[4];23:0;;4;r;Encoder PG counter head0;;;;;Encoder PG counter head0;;;;;;;encoder_top;enc / tel;;
B0;349;B0B5;45?237;11;0;181;2C2D4;180?948;c_encoder_img_start_cnt_h1;;23:0;;4;r;Encoder PG counter head1;;;;;Encoder PG counter head1;;;;;;;;;;
B0;350;B0B6;45?238;11;0;182;2C2D8;180?952;c_encoder_img_start_cnt_h2;;23:0;;4;r;Encoder PG counter head2;;;;;Encoder PG counter head2;;;;;;;;;;
B0;351;B0B7;45?239;11;0;183;2C2DC;180?956;c_encoder_img_start_cnt_h3;;23:0;;4;r;Encoder PG counter head3;;;;;Encoder PG counter head3;;;;;;;;;;
;351;;;;;;;;;;;;;;;;;;;;;;;;;;;;;
B0;352;B0B8;45?240;11;0;184;2C2E0;180?960;c_encoder_cur_speed;.speed_current;31:0;;-;r;encoder current speed;;;encoder current speed;;;;;;;;;encoder_top;enc;;
B0;353;B0B9;45?241;11;0;185;2C2E4;180?964;c_encoder_min_speed;.speed_min;31:0;;3;r;encoder min speed;;;encoder min speed;;;;;;;;;;;;
B0;354;B0BA;45?242;11;0;186;2C2E8;180?968;c_encoder_max_speed;.speed_max;31:0;;3;r;encoder max speed;;;encoder max speed;;;;;;;;;;;;
;354;;;;;;;;;;;;;;;;;;;;;;;;;;;;;
B0;355;B0BB;45?243;11;0;187;2C2EC;180?972;c_tel_pg_cnt_addr;;31:0;;4;r;encoder telegram pg counter;;(auto-clear on falling edge of enable);enc_pg_cnt_h3;;enc_pg_cnt_h2;;enc_pg_cnt_h1;;enc_pg_cnt_h0;;;encoder_top;tel;;
B0;356;B0BC;45?244;11;0;188;2C2F0;180?976;c_img_start_err_cnt_addr;;31:0;;4;r;enc_fp not sync to PG (4 cnt: h3..h0);;;pg_err_cnt_h3;;pg_err_cnt_h2;;pg_err_cnt_h1;;pg_err_cnt_h0;;;encoder_top;tel;;
;356;;;;;;;;;;;;;;;;;;;;;;;;;;;;;
B0;357;B0C0;45?248;11;0;192;2C300;180?992;c_enc_telegram_enc0;;31 / 26:0;;-;r;msb = crc, telegram enc0;;;msb = crc;;telegram_enc0;;;;;;;encoder_top;tel;;
B0;358;B0C1;45?249;11;0;193;2C304;180?996;c_enc_telegram_enc1;;31 / 26:0;;-;r;msb = crc, telegram enc1;;;msb = crc;;telegram_enc1;;;;;;;;;;
B0;359;B0C2;45?250;11;0;194;2C308;181?000;c_enc_telegram_enc2;;31 / 26:0;;-;r;msb = crc, telegram enc2;;;msb = crc;;telegram_enc2;;;;;;;;;;
B0;360;B0C3;45?251;11;0;195;2C30C;181?004;c_enc_telegram_enc3;;31 / 26:0;;-;r;msb = crc, telegram enc3;;;msb = crc;;telegram_enc3;;;;;;;;;;
B0;361;B0C4;45?252;11;0;196;2C310;181?008;c_enc_telegram_enc4;;31 / 26:0;;-;r;msb = crc, telegram enc4;;;msb = crc;;telegram_enc4;;;;;;;;;;
B0;362;B0C5;45?253;11;0;197;2C314;181?012;c_enc_telegram_enc5;;31 / 26:0;;-;r;msb = crc, telegram enc5;;;msb = crc;;telegram_enc5;;;;;;;;;;
B0;363;B0C6;45?254;11;0;198;2C318;181?016;c_enc_telegram_enc6;;31 / 26:0;;-;r;msb = crc, telegram enc6;;;msb = crc;;telegram_enc6;;;;;;;;;;
B0;364;B0C7;45?255;11;0;199;2C31C;181?020;c_enc_telegram_enc7;;31 / 26:0;;-;r;msb = crc, telegram enc7;;;msb = crc;;telegram_enc7;;;;;;;;;;
;364;;;;;;;;;;;;;;;;;;;;;;;;;;;;;
B0;365;B0C8;45?256;11;0;200;2C320;181?024;c_debug_reg0;status_eth_core.eth0_udp_words_cnt;15:0;;0;r;number of counted eth0 payload-words (if too-long/too-short);;;;;;;eth0_udp_words_cnt;;;;;radex;;;
;;;;;;;;;;status_eth_core.eth1_udp_words_cnt;31:16;;0;;number of counted eth1 payload-words (if too-long/too-short);;;eth1_udp_words_cnt;;;;;;;;;;;;
B0;366;B0C9;45?257;11;0;201;2C324;181?028;c_debug_reg1;status_data_acqu_ctrl.rx0_wr_req_min_delta;7:0;;0;r;min value of rx0_cksum_wr_req_cnt-rx0_frame_cnt right after rx0_udp_checksum_wr_sync;;;;;;;;;;;;radex;;;
;;;;;;;;;;status_data_acqu_ctrl.rx0_wr_req_max_delta;15:8;;0;;max value of rx0_cksum_wr_req_cnt-rx0_frame_cnt right after rx0_udp_checksum_wr_sync;;;;;;;;;min-rx0-delta;;;;;;
;;;;;;;;;;status_data_acqu_ctrl.rx1_wr_req_min_delta;23:16;;0;;min value of rx1_cksum_wr_req_cnt-rx1_frame_cnt right after rx1_udp_checksum_wr_sync;;;;;;;max-rx0-delta;;;;;;;;
;;;;;;;;;;status_data_acqu_ctrl.rx1_wr_req_max_delta;31:24;;0;;max value of rx1_cksum_wr_req_cnt-rx1_frame_cnt right after rx1_udp_checksum_wr_sync;;;;;min-rx1-delta;;;;;;;;;;
B0;367;B0CA;45?258;11;0;202;2C328;181?032;c_debug_reg2;;;;;;;;;max-rx1-delta;;;;;;;;;radex;;;
B0;368;B0CB;45?259;11;0;203;2C32C;181?036;c_debug_reg3;;;;;;;;;;;;;;;;;;radex;;;
B0;369;B0CC;45?260;11;0;204;2C330;181?040;c_debug_reg4;;;;;;;;;;;;;;;;;;radex;;;
B0;370;B0CD;45?261;11;0;205;2C334;181?044;c_debug_reg5;;;;;;;;;;;;;;;;;;radex;;;
B0;371;B0CE;45?262;11;0;206;2C338;181?048;c_debug_reg6;;;;;;;;;;;;;;;;;;radex;;;
B0;372;B0CF;45?263;11;0;207;2C33C;181?052;c_debug_reg7;;;;;;;;;;;;;;;;;;radex;;;
;;;;;;;;;;;;;;;;;;;;;;;;;;;;;;
;364;;;;;;;;Error Register;SFpgaHeadError  Fpga.error;;;;;;;;31:24;;23:16;;15:8;;7:0;;;;;;
B4;365;B400;46?080;11;4;0;2D000;184?320;c_eth_ctrl_error01_addr       ;.eth[0].dest_ip;15:0;;0;r;;;;eth0_dest port;;;;eth0_dest ip;;;;;;;;
;365;;;;;;;;;.eth[0].dest_port;31:16;;0;;;;;;;;;;;;;;;;;
B4;366;B401;46?081;11;4;1;2D004;184?324;c_eth_ctrl_error02_addr       ;.eth[0].checksum;15:0;;0;r;ethernet errors;;;eth0_udp checksum;;;;eth0_ip checksum;;;;;;;;
;366;;;;;;;;;.eth[0].udp_checksum;31:16;;0;;;;;;;;;;;;;;;;;
B4;367;B402;46?082;11;4;2;2D008;184?328;c_eth_ctrl_error03_addr       ;.eth[1].dest_ip;15:0;;0;r;;;;eth1_dest port;;;;eth1_dest ip;;;;;;;;
;367;;;;;;;;;.eth[1].dest_port;31:16;;0;;;;;;;;;;;;;;;;;
B4;368;B403;46?083;11;4;3;2D00C;184?332;c_eth_ctrl_error04_addr       ;.eth[1].checksum;15:0;;0;r;;;;eth1_udp checksum;;;;eth1_ip checksum;;;;;;;;
;368;;;;;;;;;.eth[1].udp_checksum;31:16;;0;;;;;;;;;;;;;;;;;
B4;369;B404;46?084;11;4;4;2D010;184?336;c_data_acqu_ctrl_error01_addr ;.udp_chksum_fifo_full[0];15:0;;1;r;fifo full error;;;udp-checksum-fifo1 full;;;;udp-checksum-fifo0 full;;;;;;;;
;369;;;;;;;;;.udp_chksum_fifo_full[1];31:16;;1;;;;;;;;;;;;;;;;;
B4;370;B405;46?085;11;4;5;2D014;184?340;c_data_acqu_ctrl_error02_addr      ;.eth_fifo_full[0];15:0;;1;r;fifo full error;;;eth-fifo1 full;;;;eth-fifo0 full;;;;;;;;
;370;;;;;;;;;.eth_fifo_full[1];31:16;;1;;;;;;;;;;;;;;;;;
B4;371;B406;46?086;11;4;6;2D018;184?344;c_ddr3_arbiter_error_addr        ;.udp_block_error;15:0;;2;r;udp-block error;;"counts ""set"" of blocks which are already set";;;;;udp block error;;;;;;;;
;371;;;;;;;;;;;;;;;;(= overwrite) in valid udp-block-range;;;;;;;;;;;;;
;371;;;;;;;;;.head[0];;;;;;;;;;;;;;;;;;;;
B4;372;B407;46?087;11;4;7;2D01C;184?348;c_data_print_ctrl_error01_addr   ;.fifo_img_line;15:0;;7;r;;;img-line FIFO over- or underflow;write img line error;;;;fifo img line error;;;;;main_head_ctrl;img_line_fifo;;
;372;;;;;;;;;.write_img_line;31:16;;7;;;;on PG with skip, no further img-info;;;;;;;;;;;;;
B4;373;B408;46?088;11;4;8;2D020;184?352;c_data_print_ctrl_error02_addr   ;.read_img_line;15:0;;7;r;head0;;;head-mem not ready error;;;;-;;;;;prepare_img_line;;;
;373;;;;;;;;;.prepare_img_line;31:16;;7;;;;request line when still busy;;;;;;;;;;;;;
B4;374;B409;46?089;11;4;9;2D024;184?356;c_data_print_ctrl_error03_addr   ;.enc_fp_missed;15:0;;7;r;;;not used;latch missed error;;;;0;;;flag;;head_ctrl_fsm;head_ctrl_fsm;;
;374;;;;;;;;;.latch_missed;31:16;;7;;;;no latch occured;;;;;;;;;;;;;
;374;;;;;;;;;.head[1];;;;;;;;;;;;;;;;;;;;
B4;375;B40A;46?090;11;4;10;2D028;184?360;c_data_print_ctrl_error04_addr   ;;31:0;;7;r;;;;write img line error;;;;fifo img line error;;;;;;;;
B4;376;B40B;46?091;11;4;11;2D02C;184?364;c_data_print_ctrl_error05_addr   ;;31:0;;7;r;head1;;;head-mem not ready error;;;;-;;;;;;;;
B4;377;B40C;46?092;11;4;12;2D030;184?368;c_data_print_ctrl_error06_addr   ;;31:0;;7;r;;;;latch missed error;;;;0;;;flag;;;;;
;377;;;;;;;;;.head[2];;;;;;;;;;;;;;;;;;;;
B4;378;B40D;46?093;11;4;13;2D034;184?372;c_data_print_ctrl_error07_addr   ;;31:0;;7;r;;;;write img line error;;;;fifo img line error;;;;;;;;
B4;379;B40E;46?094;11;4;14;2D038;184?376;c_data_print_ctrl_error08_addr   ;;31:0;;7;r;head2;;;head-mem not ready error;;;;-;;;;;;;;
B4;380;B40F;46?095;11;4;15;2D03C;184?380;c_data_print_ctrl_error09_addr   ;;31:0;;7;r;;;;latch missed error;;;;0;;;flag;;;;;
;380;;;;;;;;;.head[3];;;;;;;;;;;;;;;;;;;;
B4;381;B410;46?096;11;4;16;2D040;184?384;c_data_print_ctrl_error10_addr   ;;31:0;;7;r;;;;write img line error;;;;fifo img line error;;;;;;;;
B4;382;B411;46?097;11;4;17;2D044;184?388;c_data_print_ctrl_error11_addr   ;;31:0;;7;r;head3;;;head-mem not ready error;;;;-;;;;;;;;
B4;383;B412;46?098;11;4;18;2D048;184?392;c_data_print_ctrl_error12_addr   ;;31:0;;7;r;;;;latch missed error;;;;0;;;flag;;;;;
;383;;;;;;;;;;;;;;;;;;;;;;;;;;;;;
B4;384;B413;46?099;11;4;19;2D04C;184?396;c_encoder_ctrl_error_h0_addr        ;.encoder[0];31:0;;4;r;telegram errors h0;;pg ok: new-stroke = 1 / new-substroke = 1;tel crc err cnt;;tel pg err cnt2;;tel pg err cnt1;;tel pg err cnt0;;;;;;
B4;385;B414;46?100;11;4;20;2D050;184?400;c_encoder_ctrl_error_h1_addr        ;.encoder[1];31:0;;4;r;telegram errors h1;;pg cnt0: new-stroke = 1 / new-substroke = 0;tel crc err cnt;;tel pg err cnt2;;tel pg err cnt1;;tel pg err cnt0;;;;;;
B4;386;B415;46?101;11;4;21;2D054;184?404;c_encoder_ctrl_error_h2_addr        ;.encoder[2];31:0;;4;r;telegram errors h2;;pg cnt1: new-stroke = 0 / new-substroke = 1;tel crc err cnt;;tel pg err cnt2;;tel pg err cnt1;;tel pg err cnt0;;;;;;
B4;387;B416;46?102;11;4;22;2D058;184?408;c_encoder_ctrl_error_h3_addr        ;.encoder[3];31:0;;4;r;telegram errors h3;;pg cnt2: new-stroke = 0 / new-substroke = 0;tel crc err cnt;;tel pg err cnt2;;tel pg err cnt1;;tel pg err cnt0;;;;;;
;387;;;;;;;;;;;;;;;;;;;;;;;;;;;;;
B4;388;B417;46?103;11;4;23;2D05C;184?412;c_enc_tel_res_bits_error_addr;;31:0;;4;r;telegram reserved-bits err counter;;;cnt7;cnt6;cnt5;cnt4;cnt3;cnt2;cnt1;cnt0;;;;;
;388;;;;;;;;;;;;;;;;;;;;;;;;;;;;;
B4;389;B418;46?104;11;4;24;2D060;184?416;c_data_print_ctrl_error13_addr;;31:0;;;;head0;;;0;;;;Overspeed: FSM skipped line;;;;;data_print_ctrl;head_ctrl_fsm;;
B4;390;B419;46?105;11;4;25;2D064;184?420;c_data_print_ctrl_error14_addr;;23:0;;;;;;;;;enc fp missed (time between last 2 enc_fp);;;;;;;;;;
B4;391;B41A;46?106;11;4;26;2D068;184?424;c_data_print_ctrl_error15_addr;;31:0;;;;head1;;;0;;;;Overspeed: FSM skipped line;;;;;;head_ctrl_fsm;;
B4;392;B41B;46?107;11;4;27;2D06C;184?428;c_data_print_ctrl_error16_addr;;23:0;;;;;;;;;enc fp missed (time between last 2 enc_fp);;;;;;;;;;
B4;393;B41C;46?108;11;4;28;2D070;184?432;c_data_print_ctrl_error17_addr;;31:0;;;;head2;;;0;;;;Overspeed: FSM skipped line;;;;;;head_ctrl_fsm;;
B4;394;B41D;46?109;11;4;29;2D074;184?436;c_data_print_ctrl_error18_addr;;23:0;;;;;;;;;enc fp missed (time between last 2 enc_fp);;;;;;;;;;
B4;395;B41E;46?110;11;4;30;2D078;184?440;c_data_print_ctrl_error19_addr;;31:0;;;;head3;;;0;;;;Overspeed: FSM skipped line;;;;;;head_ctrl_fsm;;
B4;396;B41F;46?111;11;4;31;2D07C;184?444;c_data_print_ctrl_error20_addr;;23:0;;;;;;;;;enc fp missed (time between last 2 enc_fp);;;;;;;;;;
B4;397;B420;46?112;11;4;32;2D080;184?448;c_ethernet_ctrl_error05_addr       ;;15:0;;0;r;ethernet errors;;counts ETH0-ARP-request while ARP-reply busy;eth0_arp_ip_mismatch;;;;eth0_arp_req_missed;;;;;;;;
;397;;;;;;;;;;31:16;;;;;;counts ETH0-ARP-request which are not for FPGA;;;;;;;;;;;;;
B4;398;B421;46?113;11;4;33;2D084;184?452;c_ethernet_ctrl_error06_addr       ;;15:0;;0;r;;;counts ETH1-ARP-request while ARP-reply busy;eth1_arp_ip_mismatch;;;;eth1_arp_req_missed;;;;;;;;
;398;;;;;;;;;;31:16;;;;;;counts ETH1-ARP-request which are not for FPGA;;;;;;;;;;;;;
B4;399;B422;46?114;11;4;34;2D088;184?456;c_eth_ctrl_error07_addr;;15:0;;0;r;udp errors;;counts ETH0-UDP-packets which are longer than specified in udp-block-size;eth0_udp_pyld_too_short;;;;eth0_udp_pyld_too_long;;;;;;;;
;399;;;;;;;;;;31:16;;;;;;counts ETH0-UDP-packets which are shorter than specified in udp-block-size;;;;;;;;;;;;;
B4;400;B423;46?115;11;4;35;2D08C;184?460;c_eth_ctrl_error08_addr;;15:0;;0;r;;;counts ETH1-UDP-packets which are longer than specified in udp-block-size;eth1_udp_pyld_too_short;;;;eth1_udp_pyld_too_long;;;;;;;;
;400;;;;;;;;;;31:16;;;;;;counts ETH1-UDP-packets which are shorter than specified in udp-block-size;;;;;;;;;;;;;
B4;401;B424;46?116;11;4;36;2D090;184?464;c_enc_tel_msg_cnt_addr;;31:0;;;;enc messages;;counts sucessful received encoder messages;;;;;;;;;;radex;;;
B4;402;B425;46?117;11;4;37;2D094;184?468;c_info_overheat_err_addr;;;;;;;;;;;;;;;;;;radex;;;
B4;403;B426;46?118;11;4;38;2D098;184?472;c_eth_ctrl_error09_addr;;15:0;;0;r;ETH-IP-length mismatch error;;counts ETH0-UDP-packets where IP-length in IP-header is not correct according to udp-block-size;eth1_ip_length_mismatch_err;;;;eth0_ip_length_mismatch_err;;;;;;;;
;403;;;;;;;;;;31:16;;;;;;counts ETH1-UDP-packets where IP-length in IP-header is not correct according to udp-block-size;;;;;;;;;;;;;
B4;404;B427;46?119;11;4;39;2D09C;184?476;c_data_acqu_ctrl_error03_addr      ;;15:0;;0;r;ETH-UDP-Checksum FIFO empty counter;;counts checksum-fifo0 empty;eth1_flush_fifo;;;;eth0_flush_fifo;;;;;;;;
;404;;;;;;;;;;31:16;;;;;;counts checksum-fifo1 empty;;;;;;;;;;;;;
B4;405;B428;46?120;11;4;40;2D0A0;184?480;c_data_print_ctrl_error21_addr;;31:0;;0;r;h3/h2/h1/h0;;error1: 1st img-line missing in FIFO;h3 wr img line err1;;h2 wr img line err1;;h1 wr img line err1;;h0 wr img line err1;;;data_print_ctrl;main_head_ctrl;;
B4;406;B429;46?121;11;4;41;2D0A4;184?484;c_data_print_ctrl_error22_addr;;31:0;;0;r;h3/h2/h1/h1;;error2: 1st img-line missing due to no img-info;h3 wr img line err2;;h2 wr img line err2;;h1 wr img line err2;;h0 wr img line err2;;;;;;
B4;407;B42A;46?122;11;4;42;2D0A8;184?488;c_data_print_ctrl_error23_addr;;31:0;;0;r;h3/h2/h1/h2;;error3: not used;0;;0;;0;;0;;;;;;
B4;408;B42B;46?123;11;4;43;2D0AC;184?492;c_data_print_ctrl_error24_addr;;31:0;;0;r;h3/h2/h1/h3;;error4: missing a img-line in FIFO (not 1st img-line);h3 wr img line err4;;h2 wr img line err4;;h1 wr img line err4;;h0 wr img line err4;;;;;;
;408;;;;;;;;;;;;;;;;;;;;;;;;;;;;;
;408;;;;;;;;Data Info Register;SFpgaDataStat Fpga.data;;;;;;;;31:24;;23:16;;15:8;;7:0;;;;;;
B8;409;B800;47?104;11;8;0;2E000;188?416;c_pr_data_h0_imglist_out_idx_addr;.imgOutIdx[0];15:0;;;r;head0;;img list out idx1: current ddr3 read udp-block no;;;;;img list out idx1;;img list out idx2;;;0..127;;;
;410;B801;47?105;11;8;1;2E004;188?420;c_pr_data_h1_imglist_out_idx_addr;.imgOutIdx[1];15:0;;;r;head1;;(write to img-line-fifo);;;;;img list out idx1;;img list out idx2;;;0..127;;;
B8;411;B802;47?106;11;8;2;2E008;188?424;c_pr_data_h2_imglist_out_idx_addr;.imgOutIdx[2];15:0;;;r;head2;;img list out idx2: current udp-block no in head-mem;;;;;img list out idx1;;img list out idx2;;;0..127;;;
B8;412;B803;47?107;11;8;3;2E00C;188?428;c_pr_data_h3_imglist_out_idx_addr;.imgOutIdx[3];15:0;;;r;head3;;(read from img-line-fifo / write to head-mem =;;;;;img list out idx1;;img list out idx2;;;0..127;;;
;412;;;;;;;;;.res_10_3F;;;;;;;currently printing on print-head);;;;;;;;;;;;;
B8;413;B810;47?120;11;8;16;2E040;188?480;c_pr_data_h0_pg_in_idx_addr     ;.pgInIdx[0];6:0;;;r;head0;;PG written into fpga-fifo (ready for use);;;;;;;pg list in idx;;;0..127;;;
B8;414;B811;47?121;11;8;17;2E044;188?484;c_pr_data_h1_pg_in_idx_addr     ;.pgInIdx[1];6:0;;;r;head1;;;;;;;;;pg list in idx;;;0..127;;;
B8;415;B812;47?122;11;8;18;2E048;188?488;c_pr_data_h2_pg_in_idx_addr     ;.pgInIdx[2];6:0;;;r;head2;;;;;;;;;pg list in idx;;;0..127;;;
B8;416;B813;47?123;11;8;19;2E04C;188?492;c_pr_data_h3_pg_in_idx_addr     ;.pgInIdx[3];6:0;;;r;head3;;;;;;;;;pg list in idx;;;0..127;;;
;416;;;;;;;;;;;;;;;;;;;;;;;;;;;;;
B8;417;B814;47?124;11;8;20;2E050;188?496;c_pr_data_h0_pg_out_idx_addr     ;.pgOutIdx[0];6:0;;;r;head0;;PG read from fpga-fifo (used);;;;;;;pg list out idx;;;0..127;;;
B8;418;B815;47?125;11;8;21;2E054;188?500;c_pr_data_h1_pg_out_idx_addr     ;.pgOutIdx[1];6:0;;;r;head1;;;;;;;;;pg list out idx;;;0..127;;;
B8;419;B816;47?126;11;8;22;2E058;188?504;c_pr_data_h2_pg_out_idx_addr     ;.pgOutIdx[2];6:0;;;r;head2;;;;;;;;;pg list out idx;;;0..127;;;
B8;420;B817;47?127;11;8;23;2E05C;188?508;c_pr_data_h3_pg_out_idx_addr     ;.pgOutIdx[3];6:0;;;r;head3;;;;;;;;;pg list out idx;;;0..127;;;
;420;;;;;;;;;.res_50_7F;;;;;;;;;;;;;;;;;;;;
B8;421;B820;47?136;11;8;32;2E080;188?544;c_pr_data_h0_used_blocks_addr    ;.blockCnt[0];19:0;;;r;head0;;No of udp-block-flags set to '1';;;;udp_block_flags used level;;;;;;0..745'653;;;
B8;422;B821;47?137;11;8;33;2E084;188?548;c_pr_data_h1_used_blocks_addr    ;.blockCnt[1];19:0;;;r;head1;;;;;;udp_block_flags used level;;;;;;0..745'653;;;
B8;423;B822;47?138;11;8;34;2E088;188?552;c_pr_data_h2_used_blocks_addr    ;.blockCnt[2];19:0;;;r;head2;;;;;;udp_block_flags used level;;;;;;0..745'653;;;
B8;424;B823;47?139;11;8;35;2E08C;188?556;c_pr_data_h3_used_blocks_addr    ;.blockCnt[3];19:0;;;r;head3;;;;;;udp_block_flags used level;;;;;;0..745'653;;;
;424;;;;;;;;;;;;;;;;;;;;;;;;;;;;;
B8;425;B824;47?140;11;8;36;2E090;188?560;c_warning_h0_enc_fp_waveform_addr;;31:0;;ac;r;Warning: Overspeed (line skip) likely head0;;(auto-clear on read);Overspeed warning counter head0;;;;;;;;;radex;;;
B8;426;B825;47?141;11;8;37;2E094;188?564;c_warning_h1_enc_fp_waveform_addr;;31:0;;ac;r;Warning: Overspeed (line skip) likely head1;;(auto-clear on read);Overspeed warning counter head1;;;;;;;;;radex;;;
B8;427;B826;47?142;11;8;38;2E098;188?568;c_warning_h2_enc_fp_waveform_addr;;31:0;;ac;r;Warning: Overspeed (line skip) likely head2;;(auto-clear on read);Overspeed warning counter head2;;;;;;;;;radex;;;
B8;428;B827;47?143;11;8;39;2E09C;188?572;c_warning_h3_enc_fp_waveform_addr;;31:0;;ac;r;Warning: Overspeed (line skip) likely head3;;(auto-clear on read);Overspeed warning counter head3;;;;;;;;;radex;;;
